{
  "config": {
    "run_name": "exp1_4",
    "out_dir": "./final_results",
    "seed": 1602240347,
    "device": null,
    "bs_train": 128,
    "bs_test": 32,
    "batches": 100,
    "epochs": 100,
    "early_stopping": 20,
    "checkpoints": null,
    "lr": 0.001,
    "reg": 1e-05,
    "filters_per_layer": [
      64,
      128,
      256
    ],
    "pool_every": 5,
    "hidden_dims": [
      1024
    ],
    "model_type": "resnet",
    "conv_params": {
      "kernel_size": 3,
      "stride": 1,
      "padding": 1,
      "bias": false
    },
    "activation_type": "lrelu",
    "activation_params": {
      "negative_slope": 0.1
    },
    "pooling_type": "max",
    "pooling_params": {
      "kernel_size": 2
    },
    "dropout": 0.1,
    "batchnorm": true,
    "bottleneck": false,
    "print_every": 5,
    "kw": {},
    "layers_per_block": 2
  },
  "results": {
    "num_epochs": 46,
    "train_loss": [
      1.9668634271010375,
      1.1362749755382537,
      0.8843394574446556,
      0.6541440195762194,
      0.4705977629774656,
      0.3601020280558329,
      0.2617205346050935,
      0.1938584697743257,
      0.14825772440108734,
      0.11008703761184827,
      0.08372475825106869,
      0.07534004685779412,
      0.07578284595615398,
      0.08506432891799472,
      0.06997453639856897,
      0.06923303489979261,
      0.06384510677486945,
      0.05959996399589074,
      0.05798005915652865,
      0.05930102847946378,
      0.057236203661140725,
      0.04751689423484584,
      0.05271478615916119,
      0.05777440487872809,
      0.053429744565763916,
      0.0446165404903392,
      0.03823124691508173,
      0.05169718130431974,
      0.049427378743301886,
      0.0362837589933919,
      0.0410384580391483,
      0.038602425627565634,
      0.04021359225451492,
      0.03561588165914425,
      0.03348805342400924,
      0.03920295391207895,
      0.035981517951063906,
      0.04034362570263254,
      0.032825576963995656,
      0.039929148622412376,
      0.03150864832255488,
      0.030342043307012855,
      0.03725189715594005,
      0.03774429973952162,
      0.03181828944645344,
      0.02608620406080706
    ],
    "train_acc": [
      45.196,
      61.814,
      72.194,
      81.826,
      89.224,
      93.0,
      95.5,
      97.07,
      98.086,
      98.644,
      98.962,
      99.134,
      99.22,
      99.054,
      99.2,
      99.23,
      99.26,
      99.326,
      99.318,
      99.374,
      99.324,
      99.456,
      99.364,
      99.332,
      99.398,
      99.424,
      99.478,
      99.454,
      99.414,
      99.544,
      99.49,
      99.55,
      99.554,
      99.574,
      99.572,
      99.504,
      99.554,
      99.556,
      99.544,
      99.52,
      99.59,
      99.614,
      99.56,
      99.564,
      99.592,
      99.648
    ],
    "test_loss": [
      1.2721082566258235,
      1.0648391842842102,
      1.0314593257812352,
      1.1398673597245643,
      1.701242999293101,
      1.7016569854548345,
      2.0939314050170093,
      2.0285299703096733,
      2.148583983190549,
      2.2171567365145073,
      2.3957228742730923,
      2.464339288190389,
      2.5855300176220064,
      2.56107704847669,
      2.5614154119140062,
      2.6012847731128717,
      2.6148915138000097,
      2.5839795981271143,
      2.775000850168558,
      2.7106649459172516,
      2.7523933943265524,
      2.6991475438460326,
      2.9237565682866635,
      3.049000350901714,
      2.812333480287821,
      2.7461679933162837,
      2.9144842345745134,
      3.032888183226952,
      3.0327599428785152,
      3.248609884809225,
      2.9274575005357084,
      3.060251427193483,
      3.0969784438419037,
      2.89946412638976,
      2.9114315039836445,
      2.8097942473414617,
      2.786255326599647,
      2.8538612096737594,
      2.9987947105024104,
      2.825158301454324,
      3.082895793975928,
      3.082948062282342,
      3.1915024301180472,
      3.2484470319289427,
      2.944034532476694,
      3.0319855261880617
    ],
    "test_acc": [
      54.49,
      62.51,
      65.34,
      65.78,
      61.3,
      64.28,
      62.53,
      62.95,
      64.54,
      65.13,
      65.24,
      65.7,
      66.01,
      65.19,
      66.05,
      66.09,
      65.82,
      66.13,
      65.18,
      65.45,
      66.17,
      66.08,
      64.88,
      65.93,
      66.24,
      66.48,
      66.14,
      65.83,
      66.0,
      65.09,
      66.05,
      65.83,
      65.6,
      65.73,
      66.31,
      66.16,
      66.42,
      66.11,
      65.71,
      65.89,
      65.42,
      66.13,
      65.34,
      65.55,
      65.49,
      66.12
    ]
  }
}