{
  "config": {
    "run_name": "exp1_1",
    "out_dir": "./results",
    "seed": 1724730074,
    "device": null,
    "bs_train": 128,
    "bs_test": 32,
    "batches": 100,
    "epochs": 100,
    "early_stopping": 20,
    "checkpoints": null,
    "lr": 0.001,
    "reg": 0,
    "filters_per_layer": [
      32
    ],
    "pool_every": 3,
    "hidden_dims": [
      1024
    ],
    "model_type": "cnn",
    "conv_params": {
      "kernel_size": 3,
      "stride": 1,
      "padding": 1,
      "bias": false
    },
    "activation_type": "lrelu",
    "activation_params": {
      "negative_slope": 0.1
    },
    "pooling_type": "max",
    "pooling_params": {
      "kernel_size": 2
    },
    "dropout": 0.1,
    "batchnorm": true,
    "bottleneck": false,
    "print_every": 5,
    "kw": {},
    "layers_per_block": 16
  },
  "results": {
    "num_epochs": 84,
    "train_loss": [
      2.135991523816035,
      1.7393708812884796,
      1.548889631797106,
      1.387980590416835,
      1.2137341043887995,
      1.075216824733294,
      0.9606339573860169,
      0.8870034028322269,
      0.8284077240870549,
      0.7847029635539422,
      0.7400436287507033,
      0.7006710817416509,
      0.6615226024236435,
      0.6327004395234279,
      0.597199414861508,
      0.5759901201113676,
      0.5548424835388477,
      0.5349030617720042,
      0.5237015808239961,
      0.5132650471650637,
      0.49164618521164627,
      0.4582295978298554,
      0.44971069384079715,
      0.4375753281208185,
      0.42030048756263194,
      0.4214536163669366,
      0.39895005997938987,
      0.38505869996853365,
      0.37767865569927755,
      0.3640082843792744,
      0.352339064463591,
      0.3454161843046164,
      0.34007480599177187,
      0.34482701894564505,
      0.32581113962790903,
      0.3240553048940805,
      0.31461272029540477,
      0.2984417566886315,
      0.29477684092827333,
      0.281397963143312,
      0.28477222136197944,
      0.27703189234703013,
      0.27409288972998275,
      0.2629481635987759,
      0.2619059272110462,
      0.25940510781529624,
      0.25459784305630584,
      0.25714075941687975,
      0.23671486358612012,
      0.24389300311987216,
      0.2277987430110956,
      0.23334570085773101,
      0.2181096161214205,
      0.21894323353966078,
      0.22496804426877925,
      0.21861690582755283,
      0.21058406186027404,
      0.1985845177792586,
      0.2095169532757539,
      0.1989241300198512,
      0.1957096069573592,
      0.19405313793283244,
      0.19453199358704762,
      0.1836708739113349,
      0.18643098765840896,
      0.18274152890229836,
      0.17473777894599316,
      0.18676587253426893,
      0.1809099722940188,
      0.17705278205565916,
      0.17124240029698762,
      0.17319659061538867,
      0.17087235274987342,
      0.1692127065303234,
      0.1674119711208802,
      0.16069722414398804,
      0.1685838729334183,
      0.15627872293385175,
      0.1479114891626896,
      0.1464346420019865,
      0.14382218561875515,
      0.16135387597366785,
      0.16113043655760778,
      0.1379996994175972
    ],
    "train_acc": [
      17.958,
      33.814,
      41.79,
      49.652,
      57.298,
      62.96,
      67.526,
      70.506,
      72.816,
      74.504,
      75.98,
      77.552,
      79.062,
      80.36,
      81.758,
      82.538,
      83.15,
      84.242,
      84.672,
      84.954,
      85.87,
      87.086,
      87.21,
      87.844,
      88.39,
      88.376,
      89.166,
      89.568,
      89.73,
      90.296,
      90.704,
      90.958,
      91.222,
      90.966,
      91.636,
      91.736,
      92.054,
      92.534,
      92.662,
      93.1,
      93.18,
      93.196,
      93.462,
      93.686,
      93.89,
      93.942,
      94.036,
      93.884,
      94.568,
      94.224,
      94.92,
      94.838,
      95.25,
      95.17,
      95.07,
      95.236,
      95.474,
      95.714,
      95.454,
      95.804,
      95.94,
      95.954,
      95.932,
      96.226,
      96.31,
      96.378,
      96.542,
      96.204,
      96.47,
      96.368,
      96.634,
      96.668,
      96.538,
      96.82,
      96.83,
      96.942,
      96.818,
      97.074,
      97.228,
      97.382,
      97.362,
      97.022,
      96.912,
      97.562
    ],
    "test_loss": [
      1.8345248974286592,
      1.6199541573341076,
      1.458942032013184,
      1.3443921722280674,
      1.1985150237496083,
      1.1163136307627728,
      0.9748010056523176,
      0.9473653697432616,
      0.9261928394627876,
      0.8959500699853286,
      0.8909020430575578,
      0.8767252599772735,
      0.889117886336186,
      0.9141931926401762,
      0.8858539071411659,
      0.8508172546250697,
      0.8474889439172469,
      0.8535612236994964,
      0.894891633055149,
      0.8901129993013083,
      0.8813640076953632,
      0.9320411665890461,
      0.9158933684707452,
      0.9541156231783904,
      0.9720313523251277,
      0.9710414316027592,
      1.0020310020026488,
      1.06537906300181,
      1.0032421001830163,
      0.9814221012668732,
      0.9554954851285006,
      1.019265347948441,
      1.0647719693489563,
      1.0349283821116655,
      1.0350121873884628,
      1.035220968322112,
      1.0537176622698705,
      1.0816777911132727,
      1.060844384229336,
      1.0834658436763744,
      1.0670165489785945,
      1.1159747475519395,
      1.0843486659324322,
      1.105036498596653,
      1.1155111279625158,
      1.1580828201407805,
      1.1541468487718167,
      1.161127546085761,
      1.1628707095694084,
      1.1420577423026164,
      1.1268684500111983,
      1.1307929408951447,
      1.1339821072343068,
      1.2029724807406847,
      1.1829084182301393,
      1.1545949786996994,
      1.1768379000325997,
      1.1794608931224315,
      1.2006401989417963,
      1.1679457248881078,
      1.2776522606324692,
      1.267881471090592,
      1.2405154992563603,
      1.1652129848177235,
      1.3236688488186934,
      1.3523619846464732,
      1.3682304755903971,
      1.330080736380739,
      1.3160171932421434,
      1.3767257824253578,
      1.4241683763953357,
      1.2660132840466805,
      1.3315814935530608,
      1.3538041042211728,
      1.337871309942924,
      1.4517965162029633,
      1.3304568907389274,
      1.4970709609393127,
      1.3169881340880425,
      1.4059687282603521,
      1.3569931915411964,
      1.2798281518790202,
      1.375138199577729,
      1.2890430300090558
    ],
    "test_acc": [
      29.33,
      37.22,
      44.28,
      50.82,
      57.49,
      60.75,
      65.53,
      66.9,
      67.94,
      69.13,
      69.63,
      70.4,
      71.14,
      70.72,
      71.28,
      73.16,
      73.12,
      73.39,
      73.41,
      73.58,
      73.78,
      72.03,
      73.02,
      72.94,
      72.78,
      73.4,
      73.28,
      72.42,
      72.92,
      74.05,
      73.76,
      73.43,
      72.81,
      74.01,
      74.37,
      73.32,
      73.35,
      73.94,
      74.41,
      74.39,
      74.09,
      73.38,
      73.9,
      74.48,
      74.38,
      74.64,
      74.48,
      74.23,
      74.53,
      75.25,
      74.3,
      74.65,
      75.23,
      75.16,
      74.58,
      74.84,
      74.63,
      75.44,
      74.84,
      75.06,
      74.6,
      74.73,
      74.94,
      75.64,
      74.26,
      74.37,
      74.07,
      74.23,
      74.05,
      75.27,
      74.02,
      73.62,
      74.63,
      73.92,
      74.4,
      74.35,
      73.96,
      73.17,
      75.37,
      74.65,
      75.15,
      74.18,
      74.51,
      74.31
    ]
  }
}