{
  "config": {
    "run_name": "exp1_3",
    "out_dir": "./final_results",
    "seed": 982678979,
    "device": null,
    "bs_train": 128,
    "bs_test": 32,
    "batches": 100,
    "epochs": 100,
    "early_stopping": 20,
    "checkpoints": null,
    "lr": 0.001,
    "reg": 1e-05,
    "filters_per_layer": [
      64,
      128
    ],
    "pool_every": 3,
    "hidden_dims": [
      1024
    ],
    "model_type": "cnn",
    "conv_params": {
      "kernel_size": 3,
      "stride": 1,
      "padding": 1,
      "bias": false
    },
    "activation_type": "lrelu",
    "activation_params": {
      "negative_slope": 0.1
    },
    "pooling_type": "max",
    "pooling_params": {
      "kernel_size": 2
    },
    "dropout": 0.1,
    "batchnorm": true,
    "bottleneck": false,
    "print_every": 5,
    "kw": {},
    "layers_per_block": 4
  },
  "results": {
    "num_epochs": 39,
    "train_loss": [
      1.7136711166455196,
      1.0128019530039567,
      0.7269180874029796,
      0.5553115983039905,
      0.4397126901226166,
      0.36401537202107603,
      0.2942820883141114,
      0.23164910530814758,
      0.19193830981086463,
      0.17322119455306959,
      0.1441521388789018,
      0.1232968543154689,
      0.12064261333300517,
      0.12042238099070696,
      0.10456560556657421,
      0.0982781968700389,
      0.09397690204951244,
      0.08892769277191315,
      0.08873813203416574,
      0.095354031976193,
      0.09305633580407653,
      0.09323603912399939,
      0.08767241466408357,
      0.07882521774572057,
      0.08616816485718562,
      0.08011151117642816,
      0.08002770670797103,
      0.07818142799779963,
      0.07563145563292961,
      0.07622166779966881,
      0.07543453213591607,
      0.07746253890248063,
      0.07542588294435962,
      0.06796993319175015,
      0.0704697255946648,
      0.08863219602678257,
      0.07471624621091626,
      0.05120144307296962,
      0.07174633997462643
    ],
    "train_acc": [
      38.394,
      67.326,
      78.168,
      84.802,
      89.772,
      92.908,
      95.294,
      97.11,
      98.11,
      98.634,
      98.958,
      99.304,
      99.354,
      99.386,
      99.484,
      99.572,
      99.634,
      99.58,
      99.636,
      99.606,
      99.636,
      99.644,
      99.656,
      99.704,
      99.68,
      99.674,
      99.642,
      99.648,
      99.714,
      99.736,
      99.728,
      99.692,
      99.736,
      99.722,
      99.734,
      99.682,
      99.718,
      99.778,
      99.722
    ],
    "test_loss": [
      1.2843777711192768,
      0.8713148012757301,
      0.7456324986922436,
      0.7458549424623832,
      0.7872111004514571,
      0.8070699488505338,
      0.9347070144632688,
      1.0084055257149231,
      1.0117310005693863,
      1.1744158944735925,
      1.2017605312359638,
      1.223484815743107,
      1.2287232846093292,
      1.2769977134198716,
      1.2234510952272477,
      1.2996142256157235,
      1.3336119692629347,
      1.343896364649901,
      1.3934760513022924,
      1.40697669199644,
      1.3187184441739168,
      1.3631360370856829,
      1.309159817890479,
      1.3269184874848297,
      1.4082252990382795,
      1.4294750744906755,
      1.2925433482115085,
      1.5735186862353332,
      1.3631754233860052,
      1.414622579390804,
      1.5410010846666036,
      1.439053636808426,
      1.4199170786887407,
      1.6607753015003908,
      1.756455788675409,
      1.6404499919750752,
      1.508945863884993,
      1.5738399813954647,
      1.4180942153414855
    ],
    "test_acc": [
      53.63,
      70.35,
      75.24,
      75.78,
      76.76,
      77.85,
      77.25,
      77.1,
      78.17,
      77.3,
      77.48,
      77.28,
      78.41,
      76.83,
      78.8,
      78.41,
      78.9,
      79.47,
      79.95,
      78.59,
      79.41,
      78.26,
      79.53,
      78.71,
      78.22,
      77.44,
      78.7,
      78.35,
      78.85,
      78.44,
      78.62,
      79.01,
      77.87,
      78.15,
      78.27,
      76.68,
      79.03,
      78.06,
      78.69
    ]
  }
}