{
  "config": {
    "run_name": "exp1_2",
    "out_dir": "./final_results",
    "seed": 486765216,
    "device": null,
    "bs_train": 128,
    "bs_test": 32,
    "batches": 100,
    "epochs": 100,
    "early_stopping": 20,
    "checkpoints": null,
    "lr": 0.001,
    "reg": 1e-05,
    "filters_per_layer": [
      64
    ],
    "pool_every": 3,
    "hidden_dims": [
      1024
    ],
    "model_type": "cnn",
    "conv_params": {
      "kernel_size": 3,
      "stride": 1,
      "padding": 1,
      "bias": false
    },
    "activation_type": "lrelu",
    "activation_params": {
      "negative_slope": 0.1
    },
    "pooling_type": "max",
    "pooling_params": {
      "kernel_size": 2
    },
    "dropout": 0.1,
    "batchnorm": true,
    "bottleneck": false,
    "print_every": 5,
    "kw": {},
    "layers_per_block": 8
  },
  "results": {
    "num_epochs": 81,
    "train_loss": [
      1.673966971421853,
      1.0685426973379575,
      0.7740205828960125,
      0.6136804837446946,
      0.49516063638222524,
      0.39824849722477107,
      0.32916104004551205,
      0.27311793030836645,
      0.2189372126872723,
      0.17642064122244333,
      0.14967583695378822,
      0.13256043357153732,
      0.11758197482484273,
      0.11271983897552276,
      0.10577724405970329,
      0.0905575503093692,
      0.09428846655795589,
      0.08661611052707602,
      0.08380143588695388,
      0.0843629999157901,
      0.08008457704160649,
      0.07846088747326763,
      0.08235183653827662,
      0.07472499983074764,
      0.0745920314740103,
      0.0772932720860132,
      0.07673701440187124,
      0.07203739481166196,
      0.07148210626597015,
      0.06730815568246329,
      0.0667352738778274,
      0.06263424594982121,
      0.07605198383098469,
      0.05660937915030771,
      0.06333605693951727,
      0.06121391962843541,
      0.06648308150500107,
      0.06111115732570537,
      0.06415674105131378,
      0.06022645884599441,
      0.060951177722129685,
      0.05844392666551404,
      0.06412366411487501,
      0.0635000934464654,
      0.05838787742436696,
      0.05672904456479069,
      0.055029574336890034,
      0.06324486695737458,
      0.05398676164316921,
      0.06377127844637308,
      0.05196313815376458,
      0.06347590318092933,
      0.0466684746547029,
      0.06012483270188125,
      0.05946425563440873,
      0.049185546487122055,
      0.06265056068346334,
      0.06392229533521458,
      0.0447663665246905,
      0.05702224297968384,
      0.059976282667738794,
      0.05387989971100186,
      0.05619000142920786,
      0.05846138393822819,
      0.05103697181121112,
      0.05687466819796007,
      0.047522439380051,
      0.054622102946413155,
      0.05204864591598893,
      0.0451538289035969,
      0.05599555431414419,
      0.04757078743908399,
      0.05642841399724906,
      0.05238634164874943,
      0.05202838459532732,
      0.05248360200874651,
      0.05457908816080397,
      0.0548922491298678,
      0.05107450035523074,
      0.054551701974541615,
      0.04350166743380937
    ],
    "train_acc": [
      40.158,
      64.75,
      75.92,
      82.286,
      87.05,
      91.032,
      93.75,
      95.662,
      97.258,
      98.206,
      98.668,
      99.014,
      99.23,
      99.27,
      99.332,
      99.51,
      99.526,
      99.538,
      99.626,
      99.614,
      99.608,
      99.632,
      99.656,
      99.652,
      99.656,
      99.662,
      99.652,
      99.71,
      99.682,
      99.726,
      99.692,
      99.714,
      99.7,
      99.746,
      99.75,
      99.73,
      99.704,
      99.73,
      99.756,
      99.776,
      99.736,
      99.74,
      99.73,
      99.726,
      99.77,
      99.752,
      99.772,
      99.704,
      99.752,
      99.736,
      99.758,
      99.744,
      99.762,
      99.752,
      99.744,
      99.796,
      99.748,
      99.716,
      99.778,
      99.76,
      99.714,
      99.752,
      99.756,
      99.744,
      99.762,
      99.748,
      99.78,
      99.774,
      99.776,
      99.782,
      99.754,
      99.75,
      99.752,
      99.734,
      99.772,
      99.766,
      99.772,
      99.746,
      99.792,
      99.774,
      99.796
    ],
    "test_loss": [
      1.2857443736149714,
      0.9429288302094508,
      0.8274922694724339,
      0.7637260362314873,
      0.8393825591565707,
      0.8809912736790303,
      0.9805083807844382,
      0.9704882727028468,
      1.1194098303333306,
      1.2039391999491131,
      1.2828166144303021,
      1.2903891897354371,
      1.1678068559521284,
      1.2440978886607366,
      1.18719527641168,
      1.4424341547135742,
      1.451932353946643,
      1.5810821794260006,
      1.4908497388928363,
      1.5934153091257963,
      1.5921993523549576,
      1.5055572203336618,
      1.5354434524495633,
      1.6968679121002936,
      1.5527200324413104,
      1.6869789338073669,
      1.6204051879258492,
      1.8068437891510816,
      1.5705475164816165,
      1.6533350833237936,
      1.6588741209811697,
      1.9056007880956316,
      1.7840025083949933,
      1.8759502741770866,
      1.674350567926199,
      1.7801814222565064,
      1.720486332065402,
      1.7341900428709311,
      1.730853837938645,
      1.6835473296829524,
      1.6073175157683017,
      1.780247361327593,
      1.669468907591624,
      1.8161532352797878,
      1.6575865513907793,
      1.5842141188585606,
      1.8648873945841422,
      1.862831586255477,
      1.8218408099924908,
      1.7045824786122792,
      1.7014087460075433,
      1.6928496930557184,
      1.691412048987471,
      1.6263982003124862,
      1.7788155481028252,
      1.8654112089425325,
      1.6894113254279663,
      1.6324209904250426,
      1.8259768123045945,
      2.2420597292291813,
      1.8023891723595369,
      2.0118268671421666,
      2.0444721889992556,
      1.8132626753395948,
      1.9866844831177821,
      1.7831836068668427,
      1.8113641815307813,
      1.8315712441809666,
      1.9173895819351459,
      1.934934404368202,
      1.772773358063438,
      2.1772973340195723,
      1.995682544910755,
      1.8145754473427167,
      1.9291674735454412,
      1.9683239353963962,
      1.9292908770342667,
      2.0524514232499476,
      2.154827512275332,
      1.770569151195769,
      1.9146850928664207
    ],
    "test_acc": [
      53.12,
      67.45,
      72.51,
      75.38,
      74.43,
      75.29,
      73.43,
      74.94,
      75.67,
      75.38,
      75.79,
      75.99,
      76.42,
      76.25,
      76.83,
      77.01,
      76.38,
      76.25,
      76.65,
      76.37,
      76.89,
      76.85,
      77.47,
      75.84,
      77.36,
      77.46,
      76.57,
      74.87,
      77.0,
      77.27,
      77.16,
      76.45,
      76.76,
      75.87,
      76.75,
      76.27,
      76.49,
      77.85,
      75.58,
      77.34,
      77.91,
      77.15,
      77.71,
      76.93,
      77.35,
      77.46,
      77.11,
      76.04,
      76.66,
      77.29,
      77.49,
      77.46,
      77.45,
      77.08,
      77.25,
      77.33,
      77.02,
      77.54,
      77.65,
      75.3,
      77.97,
      76.08,
      76.29,
      76.88,
      75.94,
      76.17,
      77.84,
      77.69,
      77.5,
      77.52,
      76.7,
      77.83,
      76.76,
      76.77,
      77.1,
      77.71,
      76.59,
      77.12,
      77.24,
      77.33,
      76.69
    ]
  }
}