{
  "config": {
    "run_name": "exp1_3",
    "out_dir": "./final_results",
    "seed": 1662486545,
    "device": null,
    "bs_train": 128,
    "bs_test": 32,
    "batches": 100,
    "epochs": 100,
    "early_stopping": 20,
    "checkpoints": null,
    "lr": 0.001,
    "reg": 1e-05,
    "filters_per_layer": [
      64,
      128
    ],
    "pool_every": 3,
    "hidden_dims": [
      1024
    ],
    "model_type": "cnn",
    "conv_params": {
      "kernel_size": 3,
      "stride": 1,
      "padding": 1,
      "bias": false
    },
    "activation_type": "lrelu",
    "activation_params": {
      "negative_slope": 0.1
    },
    "pooling_type": "max",
    "pooling_params": {
      "kernel_size": 2
    },
    "dropout": 0.1,
    "batchnorm": true,
    "bottleneck": false,
    "print_every": 5,
    "kw": {},
    "layers_per_block": 2
  },
  "results": {
    "num_epochs": 53,
    "train_loss": [
      1.4015395479324537,
      0.827273779649001,
      0.5810969523130319,
      0.3892863298837955,
      0.2787435548236737,
      0.199374610128311,
      0.1398401646086803,
      0.10836487096519425,
      0.09994929412929103,
      0.09556649220534243,
      0.08553781123497547,
      0.07570348772077033,
      0.08162504736668406,
      0.07292059523125108,
      0.0751187856703137,
      0.06975908280732349,
      0.06948493137442244,
      0.06842146215435022,
      0.06447729332587467,
      0.05598385905882774,
      0.05907302086528104,
      0.057996240615522346,
      0.06612927431228738,
      0.05151793070925543,
      0.05403129590722995,
      0.05326701460513644,
      0.05296151598733372,
      0.05933206803135526,
      0.050107222617281455,
      0.05257264155930338,
      0.0411344346344077,
      0.053784890606318816,
      0.04787185495504393,
      0.04462250270044957,
      0.04244449938936995,
      0.0569371522234108,
      0.04693420278087545,
      0.035794010799406514,
      0.04480818795661132,
      0.04531084021974283,
      0.05626519122847523,
      0.050532046383999,
      0.040880049341835846,
      0.035619839826950994,
      0.04067242609759351,
      0.04501525553552291,
      0.03767513398421355,
      0.05123989608001489,
      0.044692354259612516,
      0.03960584528215874,
      0.03988059497310016,
      0.03547297075155,
      0.03525771908305335
    ],
    "train_acc": [
      52.094,
      74.648,
      85.188,
      93.014,
      96.548,
      98.152,
      99.142,
      99.452,
      99.566,
      99.616,
      99.654,
      99.722,
      99.72,
      99.746,
      99.754,
      99.746,
      99.786,
      99.768,
      99.772,
      99.79,
      99.782,
      99.778,
      99.75,
      99.812,
      99.808,
      99.812,
      99.81,
      99.796,
      99.804,
      99.812,
      99.81,
      99.808,
      99.804,
      99.814,
      99.816,
      99.796,
      99.822,
      99.828,
      99.822,
      99.818,
      99.812,
      99.808,
      99.828,
      99.826,
      99.816,
      99.828,
      99.822,
      99.812,
      99.812,
      99.816,
      99.816,
      99.824,
      99.818
    ],
    "test_loss": [
      0.9704640992941,
      0.8406268090773852,
      0.8703336483584001,
      1.1173385335848882,
      1.17650437899507,
      1.3630224087108405,
      1.399785877420352,
      1.4499766337565887,
      1.547099623733606,
      1.497625288959497,
      1.487215201728619,
      1.6706989751412318,
      1.5481425150273702,
      1.6898227701297936,
      1.6262761598023086,
      1.7073929975621212,
      1.8715600702816095,
      1.6826230768018808,
      1.7081857449733293,
      1.7770250231409683,
      1.7155096576286433,
      1.7826669784023976,
      1.672065323457504,
      1.8108067344874144,
      1.9270857217220159,
      2.167388404886692,
      1.8284758410583704,
      2.0251193046569824,
      2.21181434736802,
      1.8135911223406975,
      1.9221820416740882,
      1.8838515709608028,
      1.876449293528612,
      2.0381138782279615,
      1.9319364360700815,
      1.9677596878355894,
      1.8634776590535274,
      2.2284109734762936,
      2.113006066530943,
      2.121499347572143,
      1.9901678973856645,
      1.9861758020825875,
      2.189364368143754,
      2.1012437584308477,
      2.4375443518734894,
      2.1021243554468336,
      2.293396083303751,
      2.1639191507337947,
      2.043575034691737,
      2.281303276666082,
      2.034688309408151,
      2.165369405387304,
      2.2255580310638132
    ],
    "test_acc": [
      66.18,
      71.92,
      72.86,
      70.73,
      72.22,
      72.01,
      73.09,
      73.12,
      73.36,
      72.42,
      74.68,
      73.09,
      74.34,
      74.02,
      74.22,
      73.79,
      74.4,
      74.16,
      74.63,
      73.8,
      73.32,
      74.03,
      74.58,
      74.58,
      74.28,
      72.88,
      74.01,
      73.57,
      73.96,
      74.77,
      74.14,
      74.29,
      75.26,
      73.76,
      74.49,
      74.12,
      73.43,
      73.98,
      74.38,
      74.46,
      73.92,
      74.63,
      73.46,
      73.76,
      73.21,
      73.66,
      74.24,
      74.15,
      74.7,
      74.14,
      73.93,
      74.55,
      74.57
    ]
  }
}