{
  "config": {
    "run_name": "exp1_2",
    "out_dir": "./final_results",
    "seed": 1681504727,
    "device": null,
    "bs_train": 128,
    "bs_test": 32,
    "batches": 100,
    "epochs": 100,
    "early_stopping": 20,
    "checkpoints": null,
    "lr": 0.001,
    "reg": 1e-05,
    "filters_per_layer": [
      128
    ],
    "pool_every": 3,
    "hidden_dims": [
      1024
    ],
    "model_type": "cnn",
    "conv_params": {
      "kernel_size": 3,
      "stride": 1,
      "padding": 1,
      "bias": false
    },
    "activation_type": "lrelu",
    "activation_params": {
      "negative_slope": 0.01
    },
    "pooling_type": "max",
    "pooling_params": {
      "kernel_size": 2
    },
    "dropout": 0.1,
    "batchnorm": true,
    "bottleneck": false,
    "print_every": 5,
    "kw": {},
    "layers_per_block": 4
  },
  "results": {
    "num_epochs": 43,
    "train_loss": [
      1.5154898261412597,
      0.9106504146869366,
      0.5829627093596336,
      0.3505846150792562,
      0.21316605021174137,
      0.12425593050340047,
      0.08182335041630535,
      0.07039465405858862,
      0.057590038094144216,
      0.04773121066391468,
      0.04174885980378932,
      0.053155936953874355,
      0.04158457221391682,
      0.04437262096430342,
      0.04474118562737623,
      0.041541908209462866,
      0.03709259314211802,
      0.0462894687996222,
      0.03606916461886169,
      0.035053798959900934,
      0.03625862097773606,
      0.035031930487886526,
      0.027283676064018016,
      0.03211795386622469,
      0.03392616471884629,
      0.026892675480578478,
      0.03071049788596634,
      0.02876523727243647,
      0.03173268696454425,
      0.02890170729160906,
      0.0314632492769026,
      0.023324733670466603,
      0.03474569433758286,
      0.025867363954006205,
      0.021280509924280266,
      0.027581703760743273,
      0.031662248044262806,
      0.02652308172158276,
      0.02330664934449417,
      0.024137816697512814,
      0.020732383087660986,
      0.029039248415546563,
      0.02856568537959575
    ],
    "train_acc": [
      47.4,
      71.806,
      85.234,
      94.58,
      98.134,
      99.3,
      99.69,
      99.782,
      99.796,
      99.808,
      99.836,
      99.822,
      99.82,
      99.834,
      99.832,
      99.83,
      99.836,
      99.826,
      99.838,
      99.838,
      99.834,
      99.834,
      99.834,
      99.836,
      99.838,
      99.838,
      99.834,
      99.834,
      99.836,
      99.84,
      99.84,
      99.836,
      99.836,
      99.84,
      99.84,
      99.84,
      99.836,
      99.838,
      99.84,
      99.84,
      99.84,
      99.84,
      99.834
    ],
    "test_loss": [
      1.1521004946568074,
      0.8201935996229832,
      0.9147657086738409,
      1.2004805216804528,
      1.3645626642765143,
      1.464881595606223,
      1.501310310827998,
      1.6096726174537952,
      1.755947497744973,
      1.885539551002857,
      1.8576899722505074,
      1.9152305386005304,
      1.7937613458205492,
      1.9036764514942963,
      1.933937489699859,
      2.0508861862218533,
      2.1717819962172937,
      1.8894029930950358,
      2.339599331888633,
      2.2344790714291425,
      2.0434934332584724,
      1.896563779658232,
      1.8467309560913305,
      2.044862630084539,
      1.892831062659239,
      2.1386408479764865,
      1.9867321933882358,
      2.0647823375960193,
      2.138493686532363,
      2.000824927041928,
      2.2813695984391065,
      2.2018537926129422,
      1.8516925485470357,
      2.0661583084326525,
      2.0746740655352673,
      2.1726077365665097,
      2.084499043913988,
      2.159459074529318,
      2.250755794919454,
      2.032769275399355,
      2.215358027854027,
      2.122275421825739,
      2.15288828418423
    ],
    "test_acc": [
      59.02,
      71.86,
      72.29,
      70.08,
      70.99,
      71.06,
      72.94,
      72.27,
      71.29,
      71.65,
      69.94,
      71.26,
      72.6,
      72.08,
      72.61,
      72.74,
      72.28,
      71.37,
      70.6,
      71.72,
      72.81,
      72.89,
      73.98,
      71.64,
      72.64,
      72.29,
      72.56,
      71.88,
      71.65,
      71.68,
      72.22,
      71.56,
      71.29,
      73.58,
      72.7,
      73.18,
      72.12,
      73.11,
      72.28,
      73.37,
      71.34,
      72.15,
      73.57
    ]
  }
}