{
  "config": {
    "run_name": "exp1_3",
    "out_dir": "./final_results",
    "seed": 1034827747,
    "device": null,
    "bs_train": 128,
    "bs_test": 32,
    "batches": 100,
    "epochs": 100,
    "early_stopping": 20,
    "checkpoints": null,
    "lr": 0.001,
    "reg": 1e-05,
    "filters_per_layer": [
      64,
      128
    ],
    "pool_every": 3,
    "hidden_dims": [
      1024
    ],
    "model_type": "cnn",
    "conv_params": {
      "kernel_size": 3,
      "stride": 1,
      "padding": 1,
      "bias": false
    },
    "activation_type": "lrelu",
    "activation_params": {
      "negative_slope": 0.1
    },
    "pooling_type": "max",
    "pooling_params": {
      "kernel_size": 2
    },
    "dropout": 0.1,
    "batchnorm": true,
    "bottleneck": false,
    "print_every": 5,
    "kw": {},
    "layers_per_block": 3
  },
  "results": {
    "num_epochs": 64,
    "train_loss": [
      1.4836170413555243,
      0.8417575084246122,
      0.5864928947045253,
      0.4190516968186085,
      0.3179739865546043,
      0.23396382204806193,
      0.17239455070633156,
      0.13107200082009418,
      0.1112365538875262,
      0.10090739888210709,
      0.08681105923337432,
      0.08076766251037136,
      0.07950652004100191,
      0.07924682749674106,
      0.06981990097615963,
      0.07054053141186252,
      0.0724387565221733,
      0.07426308962182165,
      0.06268648559836527,
      0.06321429224529614,
      0.06193349823379555,
      0.060856739279384224,
      0.06235154623177667,
      0.06401055059992732,
      0.05880331722855305,
      0.050205870813881164,
      0.06074294343811627,
      0.05572894871181164,
      0.04983088951408624,
      0.053182184719928326,
      0.05165868191457449,
      0.05556304668112157,
      0.05489129727700343,
      0.052218147908719495,
      0.04474222715958977,
      0.048433646039129835,
      0.04970870737810261,
      0.04163112947791934,
      0.04579820916062603,
      0.05237591448329532,
      0.05538337930756358,
      0.03600738490834677,
      0.049985932828022696,
      0.04038095554330935,
      0.056292163624983425,
      0.052332656122206785,
      0.049576914476421784,
      0.037825832963258456,
      0.04395124913955955,
      0.04742520574095229,
      0.03687660706136973,
      0.05051229458708221,
      0.03994081545112213,
      0.03762551270998441,
      0.042217982151748566,
      0.0520297221688685,
      0.037317414073354135,
      0.04106977617969581,
      0.038850342444829246,
      0.04260760336585988,
      0.04619788591218635,
      0.03680903777069314,
      0.04705924743947645,
      0.03688518416691715
    ],
    "train_acc": [
      48.566,
      73.9,
      83.682,
      90.754,
      94.732,
      97.114,
      98.462,
      99.152,
      99.39,
      99.492,
      99.6,
      99.634,
      99.67,
      99.7,
      99.708,
      99.736,
      99.746,
      99.694,
      99.746,
      99.76,
      99.75,
      99.75,
      99.772,
      99.762,
      99.772,
      99.786,
      99.764,
      99.776,
      99.794,
      99.794,
      99.776,
      99.782,
      99.802,
      99.78,
      99.794,
      99.8,
      99.794,
      99.808,
      99.804,
      99.796,
      99.792,
      99.808,
      99.804,
      99.816,
      99.806,
      99.794,
      99.788,
      99.808,
      99.794,
      99.798,
      99.81,
      99.804,
      99.82,
      99.816,
      99.822,
      99.796,
      99.81,
      99.81,
      99.81,
      99.822,
      99.798,
      99.818,
      99.812,
      99.806
    ],
    "test_loss": [
      1.0456176495704896,
      0.819388766032763,
      0.741429155262617,
      0.820792282716586,
      0.9513288115222867,
      1.1473505758704283,
      1.1706455143120809,
      1.2304757166749392,
      1.342415523213836,
      1.3391598873318007,
      1.366307334258006,
      1.3764223710466654,
      1.42699326789723,
      1.4262899675716956,
      1.5044907079293177,
      1.548349225941377,
      1.4162519555538893,
      1.4821085907423344,
      1.5543997223274066,
      1.5916510177537417,
      1.6210525983896775,
      1.7436631116777277,
      1.6335229057914171,
      1.5731999651552775,
      1.7522435412766078,
      1.7049424120535452,
      1.6082156424243481,
      1.7180727423192599,
      1.7110121812766943,
      1.5703451982102332,
      1.731022322216095,
      1.7193215395061252,
      1.8967030047176359,
      1.6284049056374874,
      1.7224651110382416,
      1.627545602619648,
      1.6414207831884806,
      1.7056898297025607,
      1.755394577789001,
      1.877514801441859,
      1.785417596403605,
      1.823041338664599,
      1.847086000805482,
      1.7973083633069808,
      2.250144684364876,
      2.131601138900106,
      1.8012870155179348,
      2.0038527065935807,
      2.130110092174548,
      1.9037368705448432,
      1.943087754914394,
      1.7924558846041179,
      1.8683742727988806,
      1.7346896258397744,
      2.027590007210771,
      1.7692900792432902,
      1.8123082543412845,
      1.8849731843727522,
      1.7714472542970607,
      1.9555279237862964,
      2.03142881904466,
      1.793662255295576,
      1.8342572417205725,
      1.9841747647867753
    ],
    "test_acc": [
      62.93,
      72.63,
      75.91,
      75.5,
      74.47,
      74.9,
      76.37,
      76.62,
      75.58,
      76.13,
      75.03,
      76.72,
      76.29,
      77.08,
      77.35,
      77.09,
      77.28,
      77.1,
      76.95,
      76.98,
      76.93,
      76.71,
      76.59,
      77.43,
      76.03,
      77.29,
      77.47,
      76.6,
      77.91,
      77.24,
      76.93,
      78.2,
      76.65,
      77.58,
      77.34,
      77.86,
      77.95,
      78.17,
      78.49,
      78.35,
      77.26,
      78.31,
      77.31,
      78.85,
      75.32,
      76.14,
      77.48,
      77.23,
      76.8,
      78.23,
      77.77,
      78.58,
      77.85,
      78.59,
      77.73,
      78.28,
      78.37,
      78.03,
      78.05,
      77.71,
      77.67,
      78.43,
      77.68,
      78.22
    ]
  }
}