{
  "config": {
    "run_name": "exp1_2",
    "out_dir": "./final_results",
    "seed": 1310504490,
    "device": null,
    "bs_train": 128,
    "bs_test": 32,
    "batches": 100,
    "epochs": 100,
    "early_stopping": 20,
    "checkpoints": null,
    "lr": 0.001,
    "reg": 1e-05,
    "filters_per_layer": [
      64
    ],
    "pool_every": 3,
    "hidden_dims": [
      1024
    ],
    "model_type": "cnn",
    "conv_params": {
      "kernel_size": 3,
      "stride": 1,
      "padding": 1,
      "bias": false
    },
    "activation_type": "lrelu",
    "activation_params": {
      "negative_slope": 0.1
    },
    "pooling_type": "max",
    "pooling_params": {
      "kernel_size": 2
    },
    "dropout": 0.1,
    "batchnorm": true,
    "bottleneck": false,
    "print_every": 5,
    "kw": {},
    "layers_per_block": 2
  },
  "results": {
    "num_epochs": 35,
    "train_loss": [
      1.5846821167530158,
      1.0810791169985747,
      0.8015539994606605,
      0.5590000724181151,
      0.3842881264594885,
      0.27132832505382026,
      0.2170390608983162,
      0.15957865055937034,
      0.1190594151807137,
      0.09908450865306151,
      0.09901571999996518,
      0.09283858991872806,
      0.08617742435099222,
      0.08857755798559923,
      0.087652363250844,
      0.08628605697781612,
      0.07796629490330816,
      0.07136418271857577,
      0.06452778189037091,
      0.06500696673129613,
      0.06446769420797817,
      0.0728588703351143,
      0.05888636187196542,
      0.06678942894467559,
      0.05996183941427332,
      0.05508072046586909,
      0.059296407538633314,
      0.06607095478580166,
      0.050567048837621816,
      0.0515146938791403,
      0.047505615507730116,
      0.055086282826960084,
      0.06330291372485077,
      0.047190562149103825,
      0.053813714951945424
    ],
    "train_acc": [
      47.622,
      64.926,
      76.858,
      87.152,
      93.458,
      96.706,
      97.778,
      98.724,
      99.302,
      99.522,
      99.578,
      99.56,
      99.638,
      99.692,
      99.688,
      99.688,
      99.706,
      99.722,
      99.75,
      99.746,
      99.764,
      99.736,
      99.78,
      99.768,
      99.768,
      99.796,
      99.792,
      99.764,
      99.776,
      99.78,
      99.8,
      99.812,
      99.754,
      99.804,
      99.798
    ],
    "test_loss": [
      1.2438497149791472,
      1.0643390556558585,
      1.0904217948898292,
      1.2610825827488532,
      1.4785446671721263,
      1.7044416622091563,
      1.7731647080717943,
      1.860841104044364,
      2.091474007719602,
      2.2744533087198553,
      2.2493313040870886,
      2.161602239960279,
      2.397903712514119,
      2.471676256794196,
      2.3233863892845616,
      2.617602891073777,
      2.5672241487564187,
      2.6315384617982764,
      2.480522498106345,
      2.6958626806735992,
      2.6064233733102298,
      2.655667949945499,
      2.711562258310807,
      2.893720732667507,
      2.829500745886411,
      2.8414471285083356,
      2.9284786005050707,
      2.8069690127785387,
      3.0844578213798695,
      2.956276105955625,
      2.9705924592339077,
      2.9503179957660346,
      2.9379551431689506,
      2.9312862345041375,
      3.066453958551089
    ],
    "test_acc": [
      56.02,
      62.35,
      63.93,
      63.11,
      63.15,
      61.95,
      62.83,
      63.09,
      61.77,
      61.4,
      63.31,
      63.57,
      63.38,
      62.16,
      64.12,
      63.32,
      62.97,
      63.42,
      63.51,
      63.43,
      63.15,
      63.19,
      63.56,
      62.51,
      63.49,
      63.42,
      62.97,
      63.37,
      62.66,
      63.82,
      62.85,
      63.19,
      63.49,
      63.17,
      62.89
    ]
  }
}