{
  "config": {
    "run_name": "exp1_1",
    "out_dir": "./results",
    "seed": 510810839,
    "device": null,
    "bs_train": 128,
    "bs_test": 32,
    "batches": 100,
    "epochs": 100,
    "early_stopping": 20,
    "checkpoints": null,
    "lr": 0.001,
    "reg": 0,
    "filters_per_layer": [
      64
    ],
    "pool_every": 3,
    "hidden_dims": [
      1024
    ],
    "model_type": "cnn",
    "conv_params": {
      "kernel_size": 3,
      "stride": 1,
      "padding": 1,
      "bias": false
    },
    "activation_type": "lrelu",
    "activation_params": {
      "negative_slope": 0.1
    },
    "pooling_type": "max",
    "pooling_params": {
      "kernel_size": 2
    },
    "dropout": 0.1,
    "batchnorm": true,
    "bottleneck": false,
    "print_every": 5,
    "kw": {},
    "layers_per_block": 2
  },
  "results": {
    "num_epochs": 28,
    "train_loss": [
      1.703774895117833,
      1.1674087831607232,
      0.8883506345443236,
      0.622731322202927,
      0.40269879339597164,
      0.2887907213698595,
      0.2019988277879281,
      0.13833230547606945,
      0.10388167587419352,
      0.10933791083546403,
      0.08911149181330051,
      0.0694049414103994,
      0.0656104041227641,
      0.0647964737449701,
      0.0700852142014087,
      0.07419768320874144,
      0.06665374131407589,
      0.046555927810139765,
      0.05808081502387396,
      0.05903236372873951,
      0.05436995809148543,
      0.054063278897546044,
      0.06002084950495583,
      0.05844002151981187,
      0.050162483481481335,
      0.05699391939833265,
      0.048367310129479174,
      0.05006504661958808
    ],
    "train_acc": [
      43.162,
      61.206,
      72.686,
      83.836,
      92.232,
      95.994,
      97.73,
      98.782,
      99.342,
      99.332,
      99.484,
      99.662,
      99.68,
      99.702,
      99.712,
      99.698,
      99.66,
      99.75,
      99.764,
      99.754,
      99.774,
      99.762,
      99.744,
      99.752,
      99.778,
      99.766,
      99.798,
      99.782
    ],
    "test_loss": [
      1.3057926073670387,
      1.1203319650047865,
      1.0856190564540715,
      1.2188542812871628,
      1.5050457309071834,
      1.8511476669556055,
      2.0084650728564997,
      2.0816569732358823,
      2.31473344965623,
      2.453918105039077,
      2.638240149578987,
      2.8466649456666064,
      2.9468496046387234,
      3.144312832791072,
      3.1683573420040116,
      3.382336799341899,
      3.1993940281562314,
      3.291427824741755,
      3.5237145038942495,
      3.3954490633347096,
      3.514130142827829,
      3.693341925453681,
      4.19640620243855,
      3.892366559746174,
      4.223300955807551,
      4.324042642823397,
      4.308482613319006,
      3.9841710210610657
    ],
    "test_acc": [
      53.44,
      60.74,
      63.56,
      63.31,
      61.69,
      60.21,
      61.36,
      64.21,
      63.64,
      62.17,
      62.89,
      62.69,
      61.42,
      62.81,
      62.76,
      62.18,
      63.89,
      63.53,
      62.33,
      63.23,
      63.39,
      62.24,
      62.0,
      62.36,
      62.77,
      62.75,
      61.98,
      63.19
    ]
  }
}