{
  "config": {
    "run_name": "exp1_2",
    "out_dir": "./final_results",
    "seed": 556288574,
    "device": null,
    "bs_train": 128,
    "bs_test": 32,
    "batches": 100,
    "epochs": 100,
    "early_stopping": 20,
    "checkpoints": null,
    "lr": 0.001,
    "reg": 1e-05,
    "filters_per_layer": [
      32
    ],
    "pool_every": 3,
    "hidden_dims": [
      1024
    ],
    "model_type": "cnn",
    "conv_params": {
      "kernel_size": 3,
      "stride": 1,
      "padding": 1,
      "bias": false
    },
    "activation_type": "lrelu",
    "activation_params": {
      "negative_slope": 0.1
    },
    "pooling_type": "max",
    "pooling_params": {
      "kernel_size": 2
    },
    "dropout": 0.1,
    "batchnorm": true,
    "bottleneck": false,
    "print_every": 5,
    "kw": {},
    "layers_per_block": 4
  },
  "results": {
    "num_epochs": 30,
    "train_loss": [
      1.3993842147863829,
      0.9147239214334733,
      0.6845950342905827,
      0.493441808452973,
      0.352351349630417,
      0.24950814755299153,
      0.16570813965338926,
      0.1105252348841765,
      0.09381603926945574,
      0.07840175226760598,
      0.07206485676579177,
      0.07107566048104602,
      0.06406602848034638,
      0.055891090581336844,
      0.05493632591723536,
      0.05249545877584471,
      0.059244271091973555,
      0.0517187197591202,
      0.053589240615614334,
      0.04594994630807867,
      0.04644716902582261,
      0.05137282305020982,
      0.0462232353977668,
      0.04917462757693078,
      0.04406517659767698,
      0.04449317162402738,
      0.044728597937724913,
      0.045546432751684615,
      0.0332810460189835,
      0.03788612412754446
    ],
    "train_acc": [
      51.774,
      70.158,
      79.146,
      87.146,
      93.104,
      96.414,
      98.21,
      99.148,
      99.438,
      99.604,
      99.634,
      99.656,
      99.694,
      99.742,
      99.748,
      99.776,
      99.728,
      99.79,
      99.772,
      99.776,
      99.77,
      99.772,
      99.8,
      99.762,
      99.784,
      99.806,
      99.8,
      99.794,
      99.806,
      99.804
    ],
    "test_loss": [
      1.0683340122684455,
      0.8559504611751972,
      0.8650616420767246,
      0.9889040620854268,
      1.150537037792114,
      1.420935867115473,
      1.5290461787715173,
      1.5569901091930194,
      1.6956223047887669,
      1.6849138112022326,
      1.8244041106544244,
      1.8573425033201392,
      2.0058880266375265,
      2.089650712811794,
      1.8524122891517787,
      2.0528663031231518,
      1.9621830779390457,
      2.100248380635793,
      1.9885928489458866,
      2.1050941702456045,
      2.070075396782695,
      2.0493846151213617,
      2.019690008260883,
      2.168686003973469,
      2.0604842707323723,
      2.171652471885467,
      2.106085952084798,
      2.0337899996158786,
      2.2302359575166917,
      2.260869788005948
    ],
    "test_acc": [
      62.58,
      69.98,
      71.2,
      71.7,
      70.48,
      67.27,
      69.98,
      72.03,
      71.85,
      72.56,
      71.39,
      71.47,
      71.95,
      70.7,
      71.72,
      71.83,
      71.42,
      71.44,
      71.62,
      70.6,
      72.44,
      72.39,
      72.04,
      70.8,
      71.96,
      71.02,
      71.07,
      71.48,
      71.11,
      70.93
    ]
  }
}