{
  "config": {
    "run_name": "exp1_1",
    "out_dir": "./results",
    "seed": 210893500,
    "device": null,
    "bs_train": 128,
    "bs_test": 32,
    "batches": 100,
    "epochs": 100,
    "early_stopping": 20,
    "checkpoints": null,
    "lr": 0.001,
    "reg": 0,
    "filters_per_layer": [
      64
    ],
    "pool_every": 3,
    "hidden_dims": [
      1024
    ],
    "model_type": "cnn",
    "conv_params": {
      "kernel_size": 3,
      "stride": 1,
      "padding": 1,
      "bias": false
    },
    "activation_type": "lrelu",
    "activation_params": {
      "negative_slope": 0.1
    },
    "pooling_type": "max",
    "pooling_params": {
      "kernel_size": 2
    },
    "dropout": 0.1,
    "batchnorm": true,
    "bottleneck": false,
    "print_every": 5,
    "kw": {},
    "layers_per_block": 4
  },
  "results": {
    "num_epochs": 37,
    "train_loss": [
      1.3781461439071558,
      0.8234013332006259,
      0.5597925184628902,
      0.37330589439624395,
      0.24118119774338526,
      0.15174006905693274,
      0.11872385637834668,
      0.08374807963099999,
      0.07738787576030844,
      0.06233038096031986,
      0.06590497659590955,
      0.05864386505101067,
      0.054447109430120925,
      0.05672647792678804,
      0.056650711971078405,
      0.05948267397351372,
      0.048216882281644176,
      0.037004459225154746,
      0.041680530711369686,
      0.05081485819193916,
      0.04572603333702621,
      0.049074983013531144,
      0.035260857098649304,
      0.037330393998238905,
      0.04130399990065668,
      0.051075392684493306,
      0.03465364585781339,
      0.036746362691375024,
      0.03760277946510961,
      0.04099155023073903,
      0.04219335236624689,
      0.03445103784033563,
      0.04713602336914613,
      0.033426112632785075,
      0.026909932565299992,
      0.032072113621819505,
      0.043433906400381465
    ],
    "train_acc": [
      53.032,
      74.212,
      84.938,
      92.782,
      96.828,
      98.582,
      99.164,
      99.566,
      99.624,
      99.732,
      99.728,
      99.732,
      99.758,
      99.748,
      99.77,
      99.76,
      99.782,
      99.8,
      99.808,
      99.784,
      99.794,
      99.782,
      99.81,
      99.812,
      99.804,
      99.792,
      99.82,
      99.812,
      99.808,
      99.8,
      99.808,
      99.816,
      99.812,
      99.83,
      99.812,
      99.824,
      99.814
    ],
    "test_loss": [
      1.0004235635965297,
      0.8214432693635806,
      0.8968087410888611,
      1.2462273830404649,
      1.323527263907286,
      1.5656031686335037,
      1.5139350989499154,
      1.744886252647027,
      1.8161368049585667,
      2.0601788261570992,
      1.7401671636945162,
      1.8781558870791624,
      1.9680623810451765,
      1.9962992273653164,
      2.1477573041159372,
      1.9707575138562765,
      2.027291300587165,
      2.118569361284757,
      2.3459359606107077,
      2.297102365642786,
      2.5612079587120276,
      2.1923568283136072,
      2.549750063759394,
      2.4196779514925604,
      2.633339015337137,
      2.5479226070336805,
      2.7834803039828935,
      2.7921246784046674,
      2.561095140205744,
      2.7475683441719947,
      2.7549329391465736,
      2.85567548393439,
      2.8403835703547182,
      2.954006815281434,
      2.7911520247849135,
      3.1764915031500354,
      2.821240577751245
    ],
    "test_acc": [
      64.81,
      72.31,
      72.08,
      67.97,
      71.46,
      69.56,
      72.3,
      72.91,
      72.71,
      72.52,
      73.76,
      73.41,
      72.43,
      73.62,
      72.1,
      73.16,
      74.5,
      73.69,
      72.77,
      72.97,
      72.75,
      74.14,
      72.7,
      72.43,
      73.3,
      73.34,
      72.93,
      73.47,
      73.76,
      72.75,
      74.06,
      73.24,
      73.34,
      72.99,
      74.02,
      73.14,
      73.4
    ]
  }
}