{
  "config": {
    "run_name": "exp1_4",
    "out_dir": "./final_results",
    "seed": 1819532183,
    "device": null,
    "bs_train": 128,
    "bs_test": 32,
    "batches": 100,
    "epochs": 100,
    "early_stopping": 20,
    "checkpoints": null,
    "lr": 0.001,
    "reg": 1e-05,
    "filters_per_layer": [
      32
    ],
    "pool_every": 8,
    "hidden_dims": [
      1024
    ],
    "model_type": "resnet",
    "conv_params": {
      "kernel_size": 3,
      "stride": 1,
      "padding": 1,
      "bias": false
    },
    "activation_type": "lrelu",
    "activation_params": {
      "negative_slope": 0.1
    },
    "pooling_type": "max",
    "pooling_params": {
      "kernel_size": 2
    },
    "dropout": 0.1,
    "batchnorm": true,
    "bottleneck": false,
    "print_every": 5,
    "kw": {},
    "layers_per_block": 8
  },
  "results": {
    "num_epochs": 24,
    "train_loss": [
      1.8253602721752265,
      1.3029519620614174,
      1.0539311376901774,
      0.8609680654146732,
      0.6874882221986086,
      0.5290704500980866,
      0.4161386816929548,
      0.32929760210025005,
      0.25556578349608644,
      0.200655958820612,
      0.16286719536934144,
      0.14293857855387987,
      0.12663079007313802,
      0.11006805716225734,
      0.09443273263959548,
      0.07716222643517913,
      0.07429630627306417,
      0.06573761228519755,
      0.06872733898747425,
      0.06733197174393214,
      0.059796459927486306,
      0.06638149748054835,
      0.053532429327233094,
      0.058483380882833634
    ],
    "train_acc": [
      36.934,
      54.732,
      64.384,
      72.13,
      78.99,
      85.084,
      89.228,
      92.01,
      93.84,
      95.5,
      96.546,
      96.808,
      97.35,
      97.644,
      98.17,
      98.488,
      98.516,
      98.676,
      98.708,
      98.588,
      98.77,
      98.734,
      98.862,
      98.832
    ],
    "test_loss": [
      1.4049189703968854,
      1.1544247067127473,
      1.016547115949484,
      0.9969465127931192,
      1.1281803050675454,
      1.2227570718297591,
      1.4304889364120288,
      1.7867989780811162,
      1.8269546918379955,
      1.8927073486340351,
      1.9589401504550226,
      2.166862494670428,
      2.041821633776029,
      2.1568019327062826,
      2.27877087948414,
      2.367865473223038,
      2.405387240056044,
      2.4422145602412715,
      2.5561785145829887,
      2.5216295885351987,
      2.6476514637470245,
      2.527672441341938,
      2.7280769900251656,
      2.7917435539838595
    ],
    "test_acc": [
      49.34,
      58.69,
      64.42,
      65.97,
      64.29,
      65.77,
      64.79,
      62.66,
      64.23,
      64.08,
      64.52,
      64.01,
      65.49,
      65.13,
      65.68,
      65.1,
      65.53,
      65.73,
      65.18,
      65.2,
      64.53,
      65.43,
      64.84,
      64.45
    ]
  }
}