{
  "config": {
    "run_name": "exp1_1",
    "out_dir": "./results",
    "seed": 889232364,
    "device": null,
    "bs_train": 128,
    "bs_test": 32,
    "batches": 100,
    "epochs": 100,
    "early_stopping": 20,
    "checkpoints": null,
    "lr": 0.001,
    "reg": 0,
    "filters_per_layer": [
      64
    ],
    "pool_every": 3,
    "hidden_dims": [
      1024
    ],
    "model_type": "cnn",
    "conv_params": {
      "kernel_size": 3,
      "stride": 1,
      "padding": 1,
      "bias": false
    },
    "activation_type": "lrelu",
    "activation_params": {
      "negative_slope": 0.1
    },
    "pooling_type": "max",
    "pooling_params": {
      "kernel_size": 2
    },
    "dropout": 0.1,
    "batchnorm": true,
    "bottleneck": false,
    "print_every": 5,
    "kw": {},
    "layers_per_block": 8
  },
  "results": {
    "num_epochs": 62,
    "train_loss": [
      1.66290899454019,
      1.053351657665693,
      0.7777326147525738,
      0.6022854037773915,
      0.477991755765218,
      0.38641737470260035,
      0.31258688630201875,
      0.2538472967652174,
      0.19732032694304602,
      0.1697821440270696,
      0.15103061652431884,
      0.12812876511986057,
      0.11524134150777872,
      0.11119234085990451,
      0.09634193119425805,
      0.09678555115197714,
      0.08948053411828975,
      0.07938657191414863,
      0.08728527461226361,
      0.08063434754760984,
      0.07909320778428362,
      0.0743697393584089,
      0.07730756805588802,
      0.07171324930416467,
      0.06867047117079775,
      0.07057862924531293,
      0.07191870771587278,
      0.06572755405198759,
      0.06664270436486755,
      0.06166148734613298,
      0.06679987686638458,
      0.06402383110954617,
      0.06035108662968597,
      0.06914551231848935,
      0.054858233756534994,
      0.06204404229841506,
      0.059942811402008654,
      0.07352734661559598,
      0.06511672078721369,
      0.057705090459263045,
      0.06115211653351509,
      0.04875647567170791,
      0.05910671924805054,
      0.06741800018383237,
      0.05954896473469069,
      0.0493081453611525,
      0.06628623973214044,
      0.05918076944907602,
      0.05612007939250758,
      0.05675319649073152,
      0.05884881155320611,
      0.05676845969730773,
      0.050490473892736754,
      0.056124441276859637,
      0.06835237284137223,
      0.04105963316978887,
      0.0657687959523173,
      0.06651405481985793,
      0.04947633707160071,
      0.05325147932543097,
      0.04714235521111196,
      0.05399172193869256
    ],
    "train_acc": [
      40.568,
      65.274,
      75.52,
      82.374,
      87.504,
      91.44,
      94.086,
      96.08,
      97.552,
      98.216,
      98.608,
      99.048,
      99.244,
      99.188,
      99.404,
      99.442,
      99.508,
      99.604,
      99.56,
      99.596,
      99.602,
      99.664,
      99.642,
      99.656,
      99.68,
      99.676,
      99.64,
      99.7,
      99.682,
      99.696,
      99.712,
      99.68,
      99.718,
      99.706,
      99.726,
      99.684,
      99.736,
      99.678,
      99.698,
      99.738,
      99.744,
      99.754,
      99.768,
      99.704,
      99.712,
      99.768,
      99.726,
      99.736,
      99.74,
      99.74,
      99.734,
      99.748,
      99.774,
      99.758,
      99.728,
      99.776,
      99.726,
      99.682,
      99.758,
      99.762,
      99.768,
      99.77
    ],
    "test_loss": [
      1.3600130453705788,
      0.9332091994583607,
      0.7973526324599217,
      0.7560991256091839,
      0.8152930736064147,
      0.8831499877552955,
      0.9751660956117587,
      1.0769114252657463,
      1.0314019272724788,
      1.2641253790889795,
      1.2461721243289037,
      1.3035805590259724,
      1.5745929181098173,
      1.3946135543907683,
      1.4408719855098007,
      1.4117575133553681,
      1.4227038205434115,
      1.6048475430191804,
      1.4310349773329039,
      1.552652340522633,
      1.7995980841418107,
      1.6489125789286425,
      1.598733732667871,
      1.574443182740838,
      1.8170072505107293,
      1.9310859507188582,
      1.6498701803577251,
      1.7324643074415433,
      1.694975258448185,
      1.6912688699115115,
      1.8383649523155048,
      1.7949016272353056,
      1.8269540752308109,
      1.6495096579862711,
      1.8019249256795797,
      1.7042002085214243,
      1.9791490669624927,
      2.0338113451710877,
      1.8596050010468714,
      2.0747722486177316,
      1.816117815912152,
      1.9382591459374778,
      2.0944997929335116,
      1.9048911948473408,
      1.909170376924941,
      2.082458925839418,
      1.8757953710663013,
      2.1265601995759287,
      2.0490790693901286,
      2.016950678319121,
      1.7769233385721843,
      2.046995866422852,
      2.248305393717228,
      2.2957601795355096,
      1.8279957642110112,
      2.1402082768961406,
      2.5328152472010026,
      2.5578041572410326,
      2.172472038234656,
      2.690533562217099,
      2.530177151897731,
      2.5797159826526275
    ],
    "test_acc": [
      51.24,
      67.65,
      73.1,
      75.43,
      73.71,
      74.29,
      75.04,
      74.86,
      75.0,
      75.43,
      76.97,
      75.72,
      75.77,
      76.85,
      77.02,
      77.39,
      77.42,
      76.62,
      77.01,
      77.14,
      77.54,
      77.33,
      77.29,
      77.23,
      76.77,
      75.79,
      76.93,
      76.62,
      76.39,
      77.27,
      76.87,
      77.21,
      77.61,
      77.19,
      77.3,
      77.88,
      77.52,
      76.88,
      77.68,
      77.69,
      76.88,
      78.25,
      77.13,
      76.55,
      77.51,
      77.05,
      77.4,
      76.95,
      76.51,
      76.08,
      76.66,
      77.38,
      77.51,
      76.78,
      77.81,
      77.16,
      77.38,
      77.55,
      76.93,
      75.91,
      76.83,
      75.91
    ]
  }
}