{
  "config": {
    "run_name": "exp1_4",
    "out_dir": "./final_results",
    "seed": 1251298691,
    "device": null,
    "bs_train": 128,
    "bs_test": 32,
    "batches": 100,
    "epochs": 100,
    "early_stopping": 20,
    "checkpoints": null,
    "lr": 0.001,
    "reg": 1e-05,
    "filters_per_layer": [
      32
    ],
    "pool_every": 8,
    "hidden_dims": [
      1024
    ],
    "model_type": "resnet",
    "conv_params": {
      "kernel_size": 3,
      "stride": 1,
      "padding": 1,
      "bias": false
    },
    "activation_type": "lrelu",
    "activation_params": {
      "negative_slope": 0.1
    },
    "pooling_type": "max",
    "pooling_params": {
      "kernel_size": 2
    },
    "dropout": 0.1,
    "batchnorm": true,
    "bottleneck": false,
    "print_every": 5,
    "kw": {},
    "layers_per_block": 32
  },
  "results": {
    "num_epochs": 49,
    "train_loss": [
      1.7097694121874296,
      1.3039416007506541,
      1.0886306996528918,
      0.9652019045291803,
      0.884555335686757,
      0.824051553163773,
      0.7725200231258685,
      0.7309061384353882,
      0.6915130494496762,
      0.6634292267836057,
      0.6312326147006109,
      0.6086965684707348,
      0.5798533681111459,
      0.5565077586051745,
      0.5392773779538962,
      0.5192081291706134,
      0.49751417147807586,
      0.48142047990591097,
      0.4615079490038065,
      0.4431706309700624,
      0.4305728840140196,
      0.41505003174146016,
      0.4037363246465341,
      0.3910209055512379,
      0.37010312653504884,
      0.3657963610230348,
      0.34883851791039494,
      0.33915787037366474,
      0.32469399403303095,
      0.31975806875106616,
      0.30579101397440983,
      0.30025567821203136,
      0.2866981586584678,
      0.2896377018628976,
      0.2776863342294326,
      0.26618339128983326,
      0.2579858475197584,
      0.25384528380938065,
      0.24775974003550333,
      0.2323189092752261,
      0.23318258573611578,
      0.22867726154434376,
      0.22631254228643882,
      0.21860986825747367,
      0.2059547313894981,
      0.20566626007740313,
      0.20966527116222258,
      0.20301632896447794,
      0.1956757691808236
    ],
    "train_acc": [
      38.168,
      54.134,
      62.584,
      66.716,
      69.65,
      71.696,
      73.634,
      75.28,
      76.45,
      77.682,
      78.602,
      79.36,
      80.478,
      81.38,
      81.818,
      82.496,
      83.4,
      83.938,
      84.596,
      85.16,
      85.63,
      86.088,
      86.61,
      87.116,
      87.774,
      87.988,
      88.6,
      88.632,
      89.34,
      89.51,
      89.774,
      90.104,
      90.574,
      90.648,
      90.816,
      91.128,
      91.354,
      91.672,
      91.954,
      92.096,
      92.21,
      92.44,
      92.518,
      92.864,
      93.238,
      93.13,
      93.292,
      93.338,
      93.456
    ],
    "test_loss": [
      1.3919237189185925,
      1.1296486894671733,
      0.9792310553483474,
      0.9200122852164966,
      0.844264320551585,
      0.8354258437951406,
      0.8033285783842589,
      0.7568021774865114,
      0.7383450283071934,
      0.7187803769722964,
      0.6972531884048994,
      0.686955367286618,
      0.6793612925670086,
      0.6922738849639128,
      0.6836342760958732,
      0.6615995515424472,
      0.6808025428595451,
      0.6757407160714651,
      0.6573764023442681,
      0.6996198412604057,
      0.6697399385560018,
      0.6910774735733867,
      0.7116274272736448,
      0.7050703820318748,
      0.6925713966290156,
      0.6782448081156383,
      0.7358518892851396,
      0.7088537879813558,
      0.7240363015339543,
      0.7975620892949593,
      0.7488692754593033,
      0.7679864095094112,
      0.837925003005717,
      0.8117513166119655,
      0.7996372323578749,
      0.8083843427160994,
      0.8457029970267262,
      0.8227028282932364,
      0.8577459090246031,
      0.8555709349636275,
      0.8892889855763851,
      0.8651457566958971,
      0.9421510710739173,
      0.9411880681291223,
      1.022794771223114,
      0.9443301919561166,
      0.9373748238938742,
      0.9637422260398475,
      1.0146658627125316
    ],
    "test_acc": [
      49.29,
      60.18,
      65.71,
      68.0,
      70.45,
      70.96,
      72.17,
      73.8,
      74.76,
      75.25,
      76.43,
      77.15,
      77.37,
      77.09,
      77.49,
      78.39,
      77.96,
      78.87,
      79.15,
      78.47,
      79.21,
      79.02,
      79.12,
      79.02,
      79.27,
      79.65,
      78.66,
      79.81,
      79.83,
      78.69,
      79.19,
      79.59,
      78.47,
      78.62,
      79.69,
      79.65,
      78.62,
      79.5,
      78.74,
      79.14,
      79.0,
      79.29,
      78.1,
      78.69,
      77.15,
      78.54,
      78.71,
      78.96,
      78.16
    ]
  }
}