{
  "config": {
    "run_name": "exp1_1",
    "out_dir": "./results",
    "seed": 634688423,
    "device": null,
    "bs_train": 128,
    "bs_test": 32,
    "batches": 100,
    "epochs": 100,
    "early_stopping": 20,
    "checkpoints": null,
    "lr": 0.001,
    "reg": 0,
    "filters_per_layer": [
      32
    ],
    "pool_every": 3,
    "hidden_dims": [
      1024
    ],
    "model_type": "cnn",
    "conv_params": {
      "kernel_size": 3,
      "stride": 1,
      "padding": 1,
      "bias": false
    },
    "activation_type": "lrelu",
    "activation_params": {
      "negative_slope": 0.1
    },
    "pooling_type": "max",
    "pooling_params": {
      "kernel_size": 2
    },
    "dropout": 0.1,
    "batchnorm": true,
    "bottleneck": false,
    "print_every": 5,
    "kw": {},
    "layers_per_block": 8
  },
  "results": {
    "num_epochs": 84,
    "train_loss": [
      1.652080953732515,
      1.2398231651538458,
      0.9914451964390584,
      0.819754691918691,
      0.6886192046678983,
      0.5877194461914209,
      0.49940322301326656,
      0.4285568444010539,
      0.34831334268435454,
      0.28911834748891685,
      0.23983476895552416,
      0.19596656487347225,
      0.16127918268052432,
      0.1416277764317317,
      0.11615938970771356,
      0.10470145938392633,
      0.09530897981081253,
      0.09363320854683527,
      0.08407782180927312,
      0.0816828176498604,
      0.08157546140062504,
      0.0713520604926042,
      0.07395794895979074,
      0.07189829989981193,
      0.06517214144771107,
      0.06625736531479141,
      0.057900442233762874,
      0.06464614035824362,
      0.05718298522062982,
      0.05643822403164962,
      0.0553435688945823,
      0.05639782894928104,
      0.05338633347732517,
      0.05966843716346491,
      0.053962442722881976,
      0.048664884413114916,
      0.04996251444106933,
      0.04917657083342186,
      0.05628227671363558,
      0.0422207484779975,
      0.043640131031115276,
      0.05031160934878967,
      0.04635570756314943,
      0.04734899549870394,
      0.04385455559957056,
      0.044688791994494985,
      0.036612140407146984,
      0.04547570243624087,
      0.04407760388179061,
      0.05022376179008577,
      0.04318003389142597,
      0.04398842396002669,
      0.041408487973519814,
      0.03985976170709667,
      0.04070517429634212,
      0.03644692357539987,
      0.04956033324004891,
      0.03197019328900541,
      0.03510403846948742,
      0.049501261303428176,
      0.03198733375727151,
      0.041163053664674334,
      0.036196291528773517,
      0.03422113714541177,
      0.03833845928900887,
      0.04304737009754321,
      0.04119462282978929,
      0.0298068961500226,
      0.03279721695386494,
      0.038833393642338565,
      0.03545095503930217,
      0.03671385168399399,
      0.03298979180750067,
      0.035858066646062815,
      0.030485308894033853,
      0.036094527141017935,
      0.0402714877334895,
      0.03253153853240805,
      0.03485890700538174,
      0.037879945491649546,
      0.03100944111974968,
      0.029806465176490094,
      0.033549168601166454,
      0.03369749095014786
    ],
    "train_acc": [
      39.868,
      57.326,
      66.864,
      73.382,
      78.26,
      82.44,
      86.066,
      89.022,
      92.076,
      94.126,
      95.89,
      97.0,
      97.95,
      98.368,
      98.904,
      99.074,
      99.248,
      99.216,
      99.396,
      99.448,
      99.458,
      99.544,
      99.508,
      99.568,
      99.596,
      99.588,
      99.656,
      99.618,
      99.668,
      99.662,
      99.674,
      99.662,
      99.7,
      99.668,
      99.692,
      99.718,
      99.726,
      99.73,
      99.686,
      99.74,
      99.736,
      99.73,
      99.744,
      99.708,
      99.774,
      99.758,
      99.784,
      99.73,
      99.764,
      99.744,
      99.766,
      99.75,
      99.756,
      99.758,
      99.738,
      99.784,
      99.738,
      99.788,
      99.786,
      99.724,
      99.794,
      99.77,
      99.784,
      99.776,
      99.794,
      99.764,
      99.756,
      99.778,
      99.802,
      99.782,
      99.782,
      99.774,
      99.778,
      99.788,
      99.806,
      99.796,
      99.742,
      99.782,
      99.786,
      99.762,
      99.79,
      99.794,
      99.804,
      99.792
    ],
    "test_loss": [
      1.4181367989916067,
      1.1016674441022751,
      0.9417132389469024,
      0.8619309013279585,
      0.8493249653241574,
      0.8285344146096554,
      0.8528300332717407,
      0.9487148835681952,
      1.0662826229937565,
      1.3240192286097086,
      1.353286217038448,
      1.565745469660331,
      1.543992208555723,
      1.5595705134268754,
      1.7433874361599102,
      1.7613394997822933,
      1.8410674540851362,
      1.7468412588231075,
      1.9565004700651536,
      2.147593142034916,
      1.9671911654564052,
      2.0761491745137253,
      2.0446941558367167,
      1.8093285327538466,
      1.897275671697198,
      1.8447477259219458,
      2.0003219794195433,
      1.9461007975997069,
      1.9466435871063135,
      2.1034604667279964,
      1.965940456932936,
      2.016484676931913,
      2.1664611116433754,
      2.1332989969792275,
      2.1954862881117525,
      2.0354608738651643,
      2.1364967086089726,
      2.2529460077102366,
      1.9845700063862097,
      2.2594457240297627,
      2.0027060641023593,
      2.1415407083546505,
      2.0835485092531414,
      2.152433453414303,
      2.0409098361165094,
      2.0569984048413925,
      2.208984037049306,
      2.0915149417825236,
      2.200437603948208,
      2.110872329570926,
      2.17860880236213,
      2.2923785634338856,
      2.1126107136504007,
      2.141873219074347,
      2.2754387888006673,
      2.542034438214241,
      2.269047190554631,
      2.3437421599832864,
      2.309761681761115,
      2.1856099950292935,
      2.3040019538826666,
      2.298670595464034,
      2.132651369541119,
      2.365392630382513,
      2.378499457373833,
      2.1287492520462434,
      2.4332063297430673,
      2.2464866229356866,
      2.354675610478108,
      2.332835674190368,
      2.2140495761846886,
      2.640297321316141,
      2.3347598116558332,
      2.3106294199824333,
      2.194565023940343,
      2.694559925259688,
      2.235658608042659,
      2.280457812313659,
      2.4863934579950113,
      2.341403169891773,
      2.33419078321029,
      2.436721273912833,
      2.598637307397066,
      2.5912249076347322
    ],
    "test_acc": [
      49.13,
      61.45,
      67.59,
      70.51,
      71.48,
      73.14,
      73.32,
      72.42,
      72.24,
      71.08,
      72.42,
      71.84,
      73.44,
      73.78,
      73.47,
      73.33,
      73.59,
      73.08,
      72.31,
      72.66,
      73.66,
      73.31,
      72.66,
      73.29,
      73.68,
      74.04,
      73.79,
      73.04,
      73.91,
      73.64,
      73.31,
      74.19,
      74.53,
      74.11,
      74.25,
      73.45,
      73.94,
      73.18,
      74.01,
      73.92,
      75.05,
      73.97,
      74.41,
      73.85,
      74.6,
      75.1,
      74.58,
      74.38,
      74.41,
      73.94,
      74.24,
      74.28,
      75.16,
      74.71,
      73.67,
      74.41,
      74.81,
      74.11,
      74.11,
      74.29,
      74.42,
      74.65,
      74.99,
      75.2,
      74.74,
      75.12,
      74.55,
      74.42,
      73.75,
      74.6,
      75.01,
      74.17,
      74.8,
      74.59,
      74.19,
      72.85,
      74.83,
      74.78,
      75.16,
      74.25,
      74.99,
      74.95,
      74.44,
      74.81
    ]
  }
}