{
  "config": {
    "run_name": "exp1_1",
    "out_dir": "./results",
    "seed": 1173533297,
    "device": null,
    "bs_train": 128,
    "bs_test": 32,
    "batches": 100,
    "epochs": 100,
    "early_stopping": 20,
    "checkpoints": null,
    "lr": 0.001,
    "reg": 0,
    "filters_per_layer": [
      64
    ],
    "pool_every": 3,
    "hidden_dims": [
      1024
    ],
    "model_type": "cnn",
    "conv_params": {
      "kernel_size": 3,
      "stride": 1,
      "padding": 1,
      "bias": false
    },
    "activation_type": "lrelu",
    "activation_params": {
      "negative_slope": 0.1
    },
    "pooling_type": "max",
    "pooling_params": {
      "kernel_size": 2
    },
    "dropout": 0.1,
    "batchnorm": true,
    "bottleneck": false,
    "print_every": 5,
    "kw": {},
    "layers_per_block": 16
  },
  "results": {
    "num_epochs": 56,
    "train_loss": [
      2.13066545235805,
      1.800026068931971,
      1.5317049662272135,
      1.2832241649811085,
      1.0392961037464632,
      0.8668046654799045,
      0.7503257788144625,
      0.6739122786583045,
      0.6056360185146332,
      0.5563958150454057,
      0.5109643927751444,
      0.460996728677016,
      0.43034983479823824,
      0.3972516674261827,
      0.37972917499450537,
      0.35340651143819857,
      0.32448438039192784,
      0.3118056558263608,
      0.28321762723036303,
      0.2705685426600469,
      0.260888932683529,
      0.23674454807471007,
      0.22477980804366943,
      0.21505412354301184,
      0.2053333239104503,
      0.19623683404463987,
      0.1903122121993548,
      0.18415706363052894,
      0.18716831873051631,
      0.17170357891382315,
      0.17493593939221821,
      0.16382833671493408,
      0.14770030492009262,
      0.13958613282212845,
      0.1391103182370082,
      0.15789492061982552,
      0.13397530012596875,
      0.1445384835299009,
      0.12569800234184816,
      0.12317524136832127,
      0.4548368631456143,
      0.9398397999696243,
      0.3913678772938557,
      0.2483786375858845,
      0.1711331489472053,
      0.1299046501230735,
      0.11935176094277547,
      0.11182374463727077,
      0.7263449158232945,
      0.28425742116494057,
      0.1648472500153077,
      0.13775434519809027,
      0.13095975794280187,
      0.09959390314582449,
      0.10051654827518341,
      0.09735124715580008
    ],
    "train_acc": [
      16.134,
      29.346,
      40.924,
      54.158,
      65.11,
      71.882,
      76.446,
      79.754,
      82.252,
      84.104,
      85.754,
      87.604,
      88.732,
      89.822,
      90.506,
      91.51,
      92.336,
      92.908,
      93.84,
      94.234,
      94.672,
      95.302,
      95.534,
      95.878,
      96.27,
      96.506,
      96.662,
      96.766,
      96.83,
      97.208,
      97.1,
      97.412,
      97.78,
      97.898,
      98.0,
      97.652,
      98.056,
      97.93,
      98.312,
      98.364,
      87.332,
      70.028,
      88.456,
      93.492,
      96.024,
      97.502,
      97.986,
      98.396,
      78.766,
      92.162,
      96.098,
      97.404,
      97.708,
      98.386,
      98.528,
      98.652
    ],
    "test_loss": [
      1.8725603383321028,
      1.6122538970831113,
      1.4431413083504407,
      1.135094016026228,
      0.9655476317573817,
      0.8564471337848749,
      0.8135485567916663,
      0.7726968413171096,
      0.7683374402232659,
      0.7525236014849864,
      0.7653986720893627,
      0.771610375159444,
      0.7887052873579355,
      0.8009498625134046,
      0.7727422452030274,
      0.7973661206853695,
      0.8514204929367855,
      0.8430246360695515,
      0.8381509722138827,
      0.8412300765227813,
      0.8973521554651551,
      0.9314074074753966,
      1.0474902804558859,
      0.9234214024857069,
      0.9850743024442823,
      0.9665341113861172,
      1.0314295127605781,
      0.99984445136327,
      1.0460152520487707,
      0.9963031885906671,
      0.9785559578822591,
      0.9438181858127698,
      1.1630046067711635,
      1.0089991863769217,
      1.0121541740133977,
      1.0555486617944179,
      0.9858391075753249,
      1.0337917618692303,
      1.0654138408314724,
      0.9759307124484808,
      1.396486113086725,
      0.8311105666634364,
      0.8176049657930167,
      0.8213601883691855,
      1.0208710776403165,
      1.1210141336211028,
      1.1037196817879493,
      1.1688904747940028,
      0.7955060986181101,
      0.9117276010891566,
      0.9929314803761932,
      1.2081102941615076,
      1.1087674610794356,
      1.0861890328606256,
      1.1932242713773098,
      1.1134200500658689
    ],
    "test_acc": [
      23.55,
      35.24,
      42.83,
      58.39,
      66.12,
      70.73,
      73.08,
      74.35,
      75.35,
      76.83,
      77.21,
      77.25,
      77.51,
      78.23,
      78.23,
      78.13,
      78.85,
      78.39,
      77.82,
      78.27,
      76.65,
      77.45,
      76.13,
      78.7,
      78.17,
      79.08,
      76.72,
      79.3,
      78.33,
      79.26,
      79.31,
      79.08,
      78.68,
      80.13,
      79.63,
      81.18,
      80.3,
      79.88,
      79.6,
      80.23,
      49.51,
      75.35,
      79.01,
      79.58,
      80.43,
      79.35,
      79.99,
      80.22,
      78.17,
      79.89,
      79.86,
      79.64,
      80.01,
      80.98,
      79.88,
      79.45
    ]
  }
}