{
  "config": {
    "run_name": "exp1_1",
    "out_dir": "./results",
    "seed": 831092078,
    "device": null,
    "bs_train": 128,
    "bs_test": 32,
    "batches": 100,
    "epochs": 100,
    "early_stopping": 20,
    "checkpoints": null,
    "lr": 0.001,
    "reg": 0,
    "filters_per_layer": [
      32
    ],
    "pool_every": 3,
    "hidden_dims": [
      1024
    ],
    "model_type": "cnn",
    "conv_params": {
      "kernel_size": 3,
      "stride": 1,
      "padding": 1,
      "bias": false
    },
    "activation_type": "lrelu",
    "activation_params": {
      "negative_slope": 0.1
    },
    "pooling_type": "max",
    "pooling_params": {
      "kernel_size": 2
    },
    "dropout": 0.1,
    "batchnorm": true,
    "bottleneck": false,
    "print_every": 5,
    "kw": {},
    "layers_per_block": 4
  },
  "results": {
    "num_epochs": 38,
    "train_loss": [
      1.429773322894023,
      0.936994546193343,
      0.6933539012303719,
      0.4975005244597411,
      0.3457364865602591,
      0.24197177695922362,
      0.1544407184020831,
      0.09404271737170908,
      0.07790351561390055,
      0.06609194773392608,
      0.05744487419963265,
      0.05918693460930043,
      0.05077270538611815,
      0.05203597954241559,
      0.04903704398848976,
      0.04720553027134604,
      0.03885768401221587,
      0.036970097914887354,
      0.03934210666413538,
      0.040741338760245785,
      0.04057471730406038,
      0.03455825619539843,
      0.03877118656722208,
      0.03244248981791316,
      0.032246138193519215,
      0.03804448866957011,
      0.030449003841763793,
      0.02837543202808891,
      0.0319323987844818,
      0.03090220251357935,
      0.036676398016219865,
      0.022807915764375745,
      0.029660683712259366,
      0.03122695099714642,
      0.03060562886366358,
      0.02878186536392418,
      0.030854446012810326,
      0.02312230809915584
    ],
    "train_acc": [
      50.258,
      69.164,
      78.61,
      87.012,
      93.124,
      96.302,
      98.324,
      99.304,
      99.548,
      99.584,
      99.708,
      99.68,
      99.778,
      99.742,
      99.762,
      99.766,
      99.794,
      99.8,
      99.788,
      99.778,
      99.802,
      99.81,
      99.804,
      99.804,
      99.802,
      99.792,
      99.81,
      99.82,
      99.808,
      99.824,
      99.82,
      99.82,
      99.812,
      99.808,
      99.816,
      99.824,
      99.81,
      99.826
    ],
    "test_loss": [
      1.1278574409393163,
      0.8809902675640888,
      0.8673775175060982,
      1.0152465123205612,
      1.3259524359152868,
      1.4340606139829526,
      1.5736565655813768,
      1.8321454535501125,
      1.986287585244729,
      2.0056050716875453,
      1.9974168291649756,
      2.115454705575338,
      2.094750871643042,
      2.292571756320122,
      2.311639733803578,
      2.3036211002140474,
      2.2791710693675737,
      2.2817175684449,
      2.1416418603979626,
      2.3285265378654003,
      2.313449228898837,
      2.510203606329667,
      2.4270613306225877,
      2.436538658080957,
      2.4076911161343255,
      2.4826694689691067,
      2.4363146118628674,
      2.5477883836779838,
      2.361643755665192,
      2.5253992105523744,
      2.6473139371627417,
      2.694071967393542,
      2.6349457032405414,
      2.8234950372805963,
      2.803256275371099,
      2.8807149491248984,
      2.7745019652618046,
      2.947652090436373
    ],
    "test_acc": [
      60.13,
      69.47,
      71.22,
      70.23,
      67.64,
      69.53,
      69.84,
      69.78,
      69.92,
      71.22,
      70.81,
      71.65,
      71.14,
      70.71,
      69.49,
      70.62,
      71.59,
      72.03,
      70.96,
      71.79,
      71.38,
      70.46,
      70.72,
      71.34,
      70.39,
      71.08,
      70.63,
      70.1,
      71.33,
      70.37,
      70.54,
      69.56,
      70.94,
      71.02,
      71.17,
      70.2,
      71.04,
      71.44
    ]
  }
}