{
  "config": {
    "run_name": "exp1_1",
    "out_dir": "./results",
    "seed": 1958626775,
    "device": null,
    "bs_train": 128,
    "bs_test": 32,
    "batches": 100,
    "epochs": 100,
    "early_stopping": 20,
    "checkpoints": null,
    "lr": 0.001,
    "reg": 0,
    "filters_per_layer": [
      32
    ],
    "pool_every": 3,
    "hidden_dims": [
      1024
    ],
    "model_type": "cnn",
    "conv_params": {
      "kernel_size": 3,
      "stride": 1,
      "padding": 1,
      "bias": false
    },
    "activation_type": "lrelu",
    "activation_params": {
      "negative_slope": 0.1
    },
    "pooling_type": "max",
    "pooling_params": {
      "kernel_size": 2
    },
    "dropout": 0.1,
    "batchnorm": true,
    "bottleneck": false,
    "print_every": 5,
    "kw": {},
    "layers_per_block": 2
  },
  "results": {
    "num_epochs": 23,
    "train_loss": [
      1.417772147900019,
      0.9686330981743642,
      0.6901596025778697,
      0.444850080823287,
      0.295135446676077,
      0.19543148818879555,
      0.12957337602304342,
      0.08418870296042699,
      0.06182290927674144,
      0.06033024497401829,
      0.05994457590322082,
      0.048700241157068655,
      0.05857015896875125,
      0.0618797729890316,
      0.04787844870872318,
      0.052142119198106227,
      0.05181291388729826,
      0.044687229411031766,
      0.04467294135680183,
      0.04515630155055521,
      0.04294164802853723,
      0.051012262114837094,
      0.041185802163836806
    ],
    "train_acc": [
      52.238,
      69.22,
      80.806,
      90.638,
      95.596,
      97.856,
      98.93,
      99.478,
      99.65,
      99.692,
      99.712,
      99.774,
      99.784,
      99.728,
      99.794,
      99.782,
      99.76,
      99.778,
      99.794,
      99.8,
      99.782,
      99.782,
      99.794
    ],
    "test_loss": [
      1.1669915452217445,
      1.0367876776517966,
      1.1191557267537484,
      1.4182925092486234,
      1.6778067856644974,
      1.8075129120395734,
      1.9487462870967693,
      2.081423119856761,
      2.300546334722103,
      2.284984257167731,
      2.360072585539176,
      2.5752844219215407,
      2.8504075134793916,
      2.901303271548106,
      3.098642665033157,
      2.9537851429329467,
      3.070800490104235,
      3.1118526085256,
      3.3967220410704613,
      3.508819254162984,
      3.6016902266404567,
      3.5789534978759594,
      3.3823459920210714
    ],
    "test_acc": [
      58.83,
      64.14,
      64.64,
      60.71,
      60.42,
      62.34,
      62.78,
      63.91,
      63.96,
      64.2,
      63.46,
      63.55,
      62.06,
      62.57,
      63.73,
      63.09,
      62.01,
      62.65,
      62.75,
      63.04,
      62.16,
      62.45,
      62.66
    ]
  }
}