{
  "config": {
    "run_name": "exp1_4",
    "out_dir": "./final_results",
    "seed": 512118673,
    "device": null,
    "bs_train": 128,
    "bs_test": 32,
    "batches": 100,
    "epochs": 100,
    "early_stopping": 20,
    "checkpoints": null,
    "lr": 0.001,
    "reg": 1e-05,
    "filters_per_layer": [
      64,
      128,
      256
    ],
    "pool_every": 5,
    "hidden_dims": [
      1024
    ],
    "model_type": "resnet",
    "conv_params": {
      "kernel_size": 3,
      "stride": 1,
      "padding": 1,
      "bias": false
    },
    "activation_type": "lrelu",
    "activation_params": {
      "negative_slope": 0.1
    },
    "pooling_type": "max",
    "pooling_params": {
      "kernel_size": 2
    },
    "dropout": 0.1,
    "batchnorm": true,
    "bottleneck": false,
    "print_every": 5,
    "kw": {},
    "layers_per_block": 4
  },
  "results": {
    "num_epochs": 100,
    "train_loss": [
      2.386688141945081,
      2.3027451509084456,
      2.302733888381567,
      2.302733241594755,
      2.302733832139235,
      2.3027343285389437,
      2.3027352993304913,
      2.3027384751882307,
      2.3027408813818906,
      2.2140741311586822,
      1.725483530301314,
      1.4663606099593334,
      1.2667883064502325,
      1.091148815705226,
      0.9528320171894171,
      0.8344272219981903,
      0.7305340171624453,
      0.6354939644153301,
      0.5389892949507786,
      0.45883063406516345,
      0.3964171143296437,
      0.3325221300889284,
      0.28584080399611056,
      0.254110000282526,
      0.22363727442347087,
      0.2022280474503835,
      0.17136487728701189,
      0.14861239108901758,
      0.14532115113181182,
      0.12784321913734462,
      0.11436701473803856,
      0.11155354275774115,
      0.10074774284775441,
      0.10026693863985248,
      0.09687572535222921,
      0.10049259707761499,
      0.08423752318590115,
      0.09528129794037878,
      0.08397969264441575,
      0.08147204792103133,
      0.08805664317348065,
      0.07528914978894859,
      0.08416814579246328,
      0.07650939404713707,
      0.07745430741506891,
      0.06482317831594114,
      0.06959413960576058,
      0.06895441399552883,
      0.062786690881834,
      0.06217081808658221,
      0.06829782838460045,
      0.0774027177455047,
      0.06431839965725653,
      0.055485726685937826,
      0.06404490591779065,
      0.05256892626460355,
      0.059680927618263435,
      0.05510741937920475,
      0.06257603024848951,
      0.06408668695650517,
      0.05272247906153401,
      0.057637320750524315,
      0.05677319652377031,
      0.049699934871377756,
      0.05255985295822402,
      0.04845128896383521,
      0.054521751889618685,
      0.05636467532469676,
      0.04641089722341022,
      0.04150619796739939,
      0.04419934337821383,
      0.04870061239299293,
      0.0519942217043792,
      0.058655631825781596,
      0.043955212670008244,
      0.04196654151340063,
      0.04471937182108657,
      0.04775631464331244,
      0.04218191448300599,
      0.04872384805303927,
      0.0418167337081216,
      0.04012860089476304,
      0.035534305663224165,
      0.040191199344982845,
      0.051013392934468216,
      0.047693384443379894,
      0.03595122549815689,
      0.03610387134070222,
      0.04130016612019599,
      0.046818389386932655,
      0.04073538341013213,
      0.03965231855661095,
      0.0364659582387853,
      0.03208807730787577,
      0.04688164251378905,
      0.04478190472511461,
      0.03824170036122012,
      0.032258257091281196,
      0.031890268197271206,
      0.039453360476032595
    ],
    "train_acc": [
      9.974,
      9.77,
      9.754,
      9.766,
      9.742,
      9.742,
      9.634,
      9.676,
      9.734,
      16.694,
      38.066,
      48.06,
      56.288,
      63.238,
      68.264,
      72.766,
      77.122,
      80.828,
      84.662,
      87.51,
      89.446,
      91.504,
      93.198,
      94.084,
      94.976,
      95.802,
      96.422,
      97.062,
      97.048,
      97.444,
      97.718,
      97.866,
      98.11,
      98.146,
      98.11,
      98.128,
      98.408,
      98.152,
      98.36,
      98.524,
      98.394,
      98.56,
      98.528,
      98.474,
      98.502,
      98.808,
      98.672,
      98.768,
      98.868,
      98.72,
      98.77,
      98.638,
      98.774,
      98.928,
      98.822,
      98.992,
      98.966,
      98.92,
      98.952,
      98.878,
      98.948,
      98.992,
      98.94,
      99.04,
      99.126,
      99.06,
      99.014,
      99.058,
      99.096,
      99.212,
      99.172,
      99.102,
      99.102,
      99.08,
      99.156,
      99.168,
      99.196,
      99.154,
      99.152,
      99.202,
      99.248,
      99.2,
      99.282,
      99.286,
      99.198,
      99.15,
      99.224,
      99.334,
      99.228,
      99.154,
      99.27,
      99.302,
      99.292,
      99.394,
      99.156,
      99.18,
      99.308,
      99.384,
      99.34,
      99.3
    ],
    "test_loss": [
      2.3026516269414854,
      2.302622392391547,
      2.30261983244847,
      2.3026185708168225,
      2.3026182093681435,
      2.3026193227523413,
      2.3026207265181418,
      2.302621448651338,
      2.3026219048561196,
      1.892651250347113,
      1.5610964378485312,
      1.3326911962567232,
      1.1945391593453212,
      1.0711144749552777,
      1.0297005919691844,
      1.0510345733700655,
      1.0427612278323908,
      1.120399958239152,
      1.2938676486030602,
      1.5371381898338978,
      1.7668978195541944,
      1.8451865177888136,
      1.9296530484197996,
      1.9174289036637697,
      2.006027305164398,
      2.249300746772534,
      2.0406915111801562,
      2.023795096538006,
      2.0747557524114084,
      2.133134807913731,
      2.2689335762690277,
      2.379334174287625,
      2.5117006021050305,
      2.4033329896628857,
      2.4620924454468947,
      2.5253872997485676,
      2.7445162708560624,
      2.610833422686809,
      2.8265307761537724,
      2.822555577143645,
      2.7724874111322255,
      2.744193818515692,
      2.6246169986060033,
      2.7856252010052023,
      2.7015525112167382,
      2.874985477863214,
      2.6566843251005197,
      2.845824675013622,
      2.875481538856641,
      2.7625447146785564,
      3.135739969328428,
      2.955443487335474,
      2.9180199425572004,
      3.100775288274655,
      2.8570364287648444,
      2.8759519070004806,
      2.865023413290962,
      3.2303582191085205,
      3.013234588007132,
      3.079569147947507,
      3.1167232524126005,
      3.020890586078167,
      2.835647148390611,
      2.931181063063634,
      2.8505615788774614,
      2.9925117330291333,
      2.828508167503736,
      2.8361503028143673,
      2.894403898754181,
      3.097409179004339,
      3.1510754745358076,
      2.9834246096702723,
      2.919082679045506,
      3.0226582085283904,
      2.8835591624180474,
      2.94506127673846,
      3.1100070441189485,
      3.103680948416392,
      2.8277191626719937,
      3.035422996450693,
      3.0051319240950622,
      2.905184541948331,
      3.0634699576558213,
      2.8634313505429487,
      2.9114940900069017,
      3.051904088793657,
      2.8844553167239213,
      3.0171232399268026,
      3.045934707690508,
      3.2990644780489116,
      2.9286796947320304,
      3.1359647103609185,
      3.0345392891038685,
      3.310281743988013,
      3.0853474060885415,
      2.9699917257978368,
      2.9157708623470406,
      2.9985307812308655,
      2.902739447851976,
      2.926797079352232
    ],