{
  "config": {
    "run_name": "exp1_2",
    "out_dir": "./final_results",
    "seed": 1945558911,
    "device": null,
    "bs_train": 128,
    "bs_test": 32,
    "batches": 100,
    "epochs": 100,
    "early_stopping": 20,
    "checkpoints": null,
    "lr": 0.001,
    "reg": 1e-05,
    "filters_per_layer": [
      128
    ],
    "pool_every": 3,
    "hidden_dims": [
      1024
    ],
    "model_type": "cnn",
    "conv_params": {
      "kernel_size": 3,
      "stride": 1,
      "padding": 1,
      "bias": false
    },
    "activation_type": "lrelu",
    "activation_params": {
      "negative_slope": 0.1
    },
    "pooling_type": "max",
    "pooling_params": {
      "kernel_size": 2
    },
    "dropout": 0.1,
    "batchnorm": true,
    "bottleneck": false,
    "print_every": 5,
    "kw": {},
    "layers_per_block": 8
  },
  "results": {
    "num_epochs": 64,
    "train_loss": [
      1.8404397328694662,
      1.2196475504300532,
      0.8422107337377011,
      0.619529975606845,
      0.4875693943255987,
      0.3938202047959352,
      0.31334489358541295,
      0.2603936556249093,
      0.19876722272198935,
      0.17356853319857365,
      0.15716073794338184,
      0.14502996154702627,
      0.1304752219372835,
      0.129833060875535,
      0.12433457968708797,
      0.11776035121427132,
      0.12119458764552687,
      0.10198394432902719,
      0.10573580160689278,
      0.11083068256863417,
      0.10133565990254283,
      0.09891355078524122,
      0.10245508552194597,
      0.10464338455528308,
      0.09565802990482786,
      0.08236704451891665,
      0.10536241930885575,
      0.10641842615038444,
      0.08566688041990767,
      0.09836466312408447,
      0.08931083586186361,
      0.11967191819029932,
      0.08306724591873205,
      0.09217670821295215,
      0.08676295640329137,
      0.08205919514756459,
      0.12354124137797416,
      0.08876063385351489,
      0.08397658304669536,
      0.09737012159700195,
      0.09658388802184699,
      0.11631450885518764,
      0.24504891280323648,
      0.06493313662313785,
      0.03625115174173306,
      0.06008482543656077,
      0.08105634872798617,
      0.08893874021029123,
      0.0811119446841379,
      0.07681657480402813,
      0.11235541105180835,
      0.0832509109353384,
      0.09286559546718565,
      0.0935024017163624,
      0.08526912741571999,
      0.08294163509242189,
      0.10948626811419113,
      0.07920601444247251,
      0.10816057768489162,
      0.09593723140633068,
      0.09679118052456313,
      0.10143278956768485,
      0.06683425110755846,
      0.10790854714891443
    ],
    "train_acc": [
      33.768,
      59.528,
      74.286,
      83.02,
      88.92,
      92.818,
      95.436,
      97.008,
      98.376,
      98.796,
      99.026,
      99.228,
      99.32,
      99.378,
      99.402,
      99.494,
      99.536,
      99.61,
      99.63,
      99.564,
      99.574,
      99.608,
      99.684,
      99.638,
      99.63,
      99.684,
      99.654,
      99.616,
      99.702,
      99.648,
      99.69,
      99.57,
      99.684,
      99.672,
      99.68,
      99.716,
      99.522,
      99.716,
      99.716,
      99.684,
      99.658,
      99.58,
      98.54,
      99.678,
      99.802,
      99.8,
      99.738,
      99.698,
      99.712,
      99.73,
      99.608,
      99.674,
      99.696,
      99.732,
      99.698,
      99.732,
      99.626,
      99.706,
      99.646,
      99.68,
      99.672,
      99.684,
      99.738,
      99.608
    ],
    "test_loss": [
      1.4941230804110184,
      1.0796050417881746,
      0.8219373499353727,
      0.7601455926704102,
      0.7898529786138963,
      0.8753407101314037,
      0.9296123682497404,
      0.9853684795686067,
      1.1818547757008138,
      1.3546482244363198,
      1.2217967878454006,
      1.1037401075546558,
      1.240729441961799,
      1.4453262589776363,
      1.3570048929884648,
      1.5496521818523223,
      1.6430834550888112,
      1.6588354299847896,
      1.6226094025067794,
      1.4184087545921404,
      1.4153253307613807,
      1.5113191121759324,
      1.6087830672279382,
      1.4944194740591905,
      1.474606997309587,
      1.8009578962929738,
      1.5075767207413147,
      1.5109383169179544,
      1.915664217601984,
      1.566221398790964,
      2.102638991883932,
      1.8145716057564967,
      1.8450551399817834,
      2.0230916425681267,
      1.6870365282759452,
      1.6358192568788161,
      1.9968600295340786,
      1.8655590721143362,
      1.9831038024754097,
      2.3032125068398623,
      1.7360558302547686,
      2.232488640798972,
      2.096321946941316,
      1.9000305852446802,
      2.0179389299681554,
      2.048356654170232,
      2.0225828509682264,
      1.954831060869858,
      2.0297013280483394,
      2.4924300904266343,
      2.509828635897392,
      2.136447442576098,
      2.5524199104461913,
      2.2907573698709407,
      2.2149016934518633,
      2.0174556816331086,
      2.096977338147087,
      2.09751821648425,
      2.074503174290443,
      1.8944714592817502,
      1.9979393356837905,
      2.324124520119184,
      2.12605814416057,
      2.0995587108609004
    ],
    "test_acc": [
      45.95,
      62.43,
      71.8,
      75.55,
      74.74,
      74.03,
      74.14,
      75.83,
      73.48,
      73.8,
      75.53,
      76.2,
      76.91,
      76.39,
      75.83,
      75.16,
      75.45,
      73.55,
      74.77,
      77.53,
      77.16,
      76.58,
      74.5,
      77.29,
      75.59,
      77.55,
      76.18,
      77.85,
      75.2,
      76.6,
      76.31,
      75.71,
      77.25,
      74.85,
      77.81,
      76.04,
      75.83,
      77.61,
      77.37,
      76.13,
      77.27,
      76.06,
      77.7,
      78.18,
      77.63,
      78.07,
      77.18,
      75.67,
      76.18,
      76.84,
      77.31,
      77.83,
      76.16,
      77.57,
      77.5,
      77.07,
      76.76,
      75.69,
      76.27,
      76.72,
      76.7,
      74.99,
      76.56,
      76.41
    ]
  }
}