{
  "config": {
    "run_name": "exp1_2",
    "out_dir": "./final_results",
    "seed": 1360936516,
    "device": null,
    "bs_train": 128,
    "bs_test": 32,
    "batches": 100,
    "epochs": 100,
    "early_stopping": 20,
    "checkpoints": null,
    "lr": 0.001,
    "reg": 1e-05,
    "filters_per_layer": [
      32
    ],
    "pool_every": 3,
    "hidden_dims": [
      1024
    ],
    "model_type": "cnn",
    "conv_params": {
      "kernel_size": 3,
      "stride": 1,
      "padding": 1,
      "bias": false
    },
    "activation_type": "lrelu",
    "activation_params": {
      "negative_slope": 0.1
    },
    "pooling_type": "max",
    "pooling_params": {
      "kernel_size": 2
    },
    "dropout": 0.1,
    "batchnorm": true,
    "bottleneck": false,
    "print_every": 5,
    "kw": {},
    "layers_per_block": 8
  },
  "results": {
    "num_epochs": 82,
    "train_loss": [
      1.7536152081611829,
      1.243707861350133,
      0.9674887735110063,
      0.8015193473834258,
      0.6686733467456621,
      0.5743158616316624,
      0.49225277212949897,
      0.4285679832100868,
      0.3624564098624083,
      0.2948914755995457,
      0.238113579306847,
      0.20795865095196625,
      0.17331460438286647,
      0.1448275608273271,
      0.12220020533945315,
      0.10768288121773646,
      0.10602853638478196,
      0.08921014861896252,
      0.08683247412913121,
      0.0862868748844052,
      0.08072197994050116,
      0.07837951594295028,
      0.0721863707097677,
      0.07612563410821634,
      0.06796792738903791,
      0.06705803279048549,
      0.06245978569301466,
      0.06357430783458627,
      0.06568867611125685,
      0.06311890221177004,
      0.05977458788607365,
      0.058533155046498926,
      0.05458743979867834,
      0.058497657062700735,
      0.056181694309298806,
      0.0602795056037557,
      0.05696631705370517,
      0.05658027610072914,
      0.05210917719359247,
      0.050017282547942625,
      0.04662501556165994,
      0.06129684106637843,
      0.053008314314632654,
      0.04421054727147118,
      0.04814629739042944,
      0.05071429084920778,
      0.05444009525892444,
      0.045743959409316096,
      0.0588419583470871,
      0.041455528575580755,
      0.047781213784578426,
      0.048363695038148226,
      0.04606515622178379,
      0.041171595606749926,
      0.04874337823458541,
      0.0451407062024093,
      0.04641497694851401,
      0.04321699103024096,
      0.041324563808619784,
      0.05030370364711883,
      0.046835012627670015,
      0.037203950630291964,
      0.04542719801284898,
      0.04362615172016936,
      0.04785071477317848,
      0.04507475561366822,
      0.04133531229420511,
      0.04527464522726428,
      0.04121414040848135,
      0.04579458685997778,
      0.03845953897943195,
      0.037038155587222905,
      0.05109657344575494,
      0.03846749942242287,
      0.04444466688123962,
      0.03491838460740371,
      0.040921067860490906,
      0.038463270808689484,
      0.03853082016904433,
      0.03855487263719671,
      0.03911720069635731,
      0.04460687110325895
    ],
    "train_acc": [
      36.144,
      56.856,
      67.54,
      73.954,
      79.032,
      83.206,
      86.69,
      89.308,
      92.004,
      94.242,
      96.124,
      96.928,
      97.832,
      98.476,
      98.862,
      99.126,
      99.124,
      99.368,
      99.472,
      99.472,
      99.522,
      99.528,
      99.586,
      99.594,
      99.6,
      99.654,
      99.632,
      99.642,
      99.62,
      99.65,
      99.678,
      99.686,
      99.69,
      99.7,
      99.738,
      99.676,
      99.684,
      99.714,
      99.718,
      99.744,
      99.758,
      99.71,
      99.73,
      99.742,
      99.758,
      99.728,
      99.718,
      99.74,
      99.676,
      99.774,
      99.75,
      99.754,
      99.762,
      99.778,
      99.762,
      99.76,
      99.758,
      99.754,
      99.762,
      99.762,
      99.76,
      99.758,
      99.77,
      99.756,
      99.758,
      99.752,
      99.76,
      99.754,
      99.774,
      99.78,
      99.794,
      99.794,
      99.766,
      99.772,
      99.76,
      99.784,
      99.762,
      99.794,
      99.778,
      99.782,
      99.776,
      99.76
    ],
    "test_loss": [
      1.4531652686687617,
      1.079852169713913,
      0.9344293718727735,
      0.8383212642600903,
      0.8011499117964354,
      0.863627132983544,
      1.0138464973140986,
      1.1319533130870416,
      1.197366436704611,
      1.4568048050770392,
      1.4479028166104586,
      1.470623510865829,
      1.807302490545389,
      1.7027191195923548,
      1.7847166837981114,
      1.8496897975221658,
      1.697315689558402,
      1.7795933635953145,
      1.9403264495806816,
      1.8775243712350345,
      1.7920438177310503,
      1.8089492375460954,
      1.8759712306543803,
      1.9224328101636508,
      1.9015066387752693,
      1.8500373672980528,
      1.9134246450013075,
      2.0480877538331046,
      1.8779694152375062,
      1.8888590746105482,
      1.875772693218329,
      2.033204367145514,
      1.8752446309305155,
      1.8954534229273214,
      2.0533285703605566,
      1.8781243731769233,
      1.8298315121672857,
      1.9364138330595615,
      1.886748544537486,
      1.939074004928653,
      1.928778761663498,
      1.8614187480356448,
      1.883466395812157,
      1.96920252763308,
      2.0301045145934973,
      2.0461637910742025,
      2.1122714897187858,
      2.0927466449256125,
      1.9373448191640468,
      2.0149773324911413,
      2.1790374292012973,
      2.009225508627983,
      1.847441909619822,
      2.095139022056873,
      1.9509743420311656,
      2.1363720934933577,
      1.7824795179260082,
      2.0021969959712944,
      2.1004679097483554,
      2.1195730877419314,
      2.2537703649260297,
      1.9446212645524588,
      2.0659022280612054,
      2.0236479176733737,
      1.8809133542653842,
      2.0452302993657305,
      2.0936821538668413,
      2.042972629937606,
      1.9360333496752458,
      1.9801525298792582,
      2.1928539594205527,
      2.1374682635546494,
      2.108515409872127,
      2.182280032680585,
      1.9890564117962732,
      2.2629758984996724,
      2.126510612666607,
      2.0714338963421493,
      2.1653019965459137,
      2.2558281163756666,
      2.019375509988421,
      2.131350026298792
    ],
    "test_acc": [
      47.28,
      62.04,
      67.78,
      71.01,
      73.31,
      71.74,
      69.21,
      69.01,
      70.87,
      69.35,
      72.4,
      71.31,
      69.65,
      71.27,
      71.04,
      71.93,
      73.03,
      72.88,
      73.3,
      72.63,
      73.4,
      73.17,
      73.45,
      73.32,
      73.0,
      73.28,
      73.63,
      72.14,
      73.11,
      73.81,
      72.2,
      73.22,
      74.23,
      74.12,
      72.7,
      73.49,
      74.0,
      74.65,
      73.81,
      74.68,
      74.38,
      74.02,
      73.84,
      74.29,
      73.58,
      73.85,
      72.78,
      73.56,
      73.31,
      73.47,
      73.5,
      74.23,
      74.71,
      73.96,
      73.59,
      75.05,
      73.91,
      74.38,
      74.46,
      74.87,
      73.75,
      75.16,
      74.39,
      74.45,
      74.09,
      74.68,
      73.75,
      73.92,
      74.37,
      74.85,
      73.33,
      74.44,
      73.84,
      74.03,
      74.9,
      74.75,
      75.05,
      73.85,
      74.26,
      73.21,
      73.43,
      73.26
    ]
  }
}