{
  "config": {
    "run_name": "exp1_4",
    "out_dir": "./final_results",
    "seed": 2130820167,
    "device": null,
    "bs_train": 128,
    "bs_test": 32,
    "batches": 100,
    "epochs": 100,
    "early_stopping": 20,
    "checkpoints": null,
    "lr": 0.001,
    "reg": 1e-05,
    "filters_per_layer": [
      64,
      128,
      256
    ],
    "pool_every": 5,
    "hidden_dims": [
      1024
    ],
    "model_type": "resnet",
    "conv_params": {
      "kernel_size": 3,
      "stride": 1,
      "padding": 1,
      "bias": false
    },
    "activation_type": "lrelu",
    "activation_params": {
      "negative_slope": 0.1
    },
    "pooling_type": "max",
    "pooling_params": {
      "kernel_size": 2
    },
    "dropout": 0.1,
    "batchnorm": true,
    "bottleneck": false,
    "print_every": 5,
    "kw": {},
    "layers_per_block": 8
  },
  "results": {
    "num_epochs": 100,
    "train_loss": [
      1.7027393237138406,
      1.2591205280560713,
      1.0162714241406856,
      0.8587448355479118,
      0.7486100942660601,
      0.6659481655328702,
      0.6026600346351281,
      0.5515748607042509,
      0.5030220157060867,
      0.4608168553465452,
      0.42773136038046616,
      0.39240427510096476,
      0.372367340975847,
      0.3376292081979605,
      0.3196032381592653,
      0.2982507294951341,
      0.27918169036125523,
      0.2600397983804727,
      0.2454479833252919,
      0.22465782473102594,
      0.21656176831859808,
      0.20458397628405156,
      0.19274896536117944,
      0.17768645504346262,
      0.17783237195167786,
      0.17309034808706014,
      0.15397505956009414,
      0.1555374584853267,
      0.14358304468676067,
      0.13721475566808994,
      0.13595372155690805,
      0.13080001551753434,
      0.1272259959521202,
      0.11981204168823285,
      0.12006860558325663,
      0.11559645617141938,
      0.10895606794704994,
      0.11372746070130513,
      0.10238256546406027,
      0.10465548308805013,
      0.10282290434369291,
      0.10391959856049372,
      0.09712183312632335,
      0.0970740916302953,
      0.08981435982605968,
      0.08974998895652019,
      0.08803403807612947,
      0.09198498803023726,
      0.09001992547359222,
      0.08581927041403759,
      0.08140818137938205,
      0.08061976988489429,
      0.08865231456569372,
      0.0795221018891495,
      0.07890831946323697,
      0.07714730004708355,
      0.08203682807298043,
      0.08296893854649404,
      0.07540863236316886,
      0.073920217077606,
      0.07747073549216088,
      0.07357894873771913,
      0.06910760855087295,
      0.07694964954295219,
      0.0702912560544717,
      0.07575823324971283,
      0.06559899439557623,
      0.06985494087760648,
      0.06359962002457813,
      0.0728092073295743,
      0.06400124995778195,
      0.06711173615275094,
      0.06503782642061989,
      0.06563314291266485,
      0.07137400625416866,
      0.060966296387740815,
      0.06709812896218724,
      0.060141571304904155,
      0.06490699904493223,
      0.06689488026791085,
      0.06220027282475852,
      0.05718139349005352,
      0.0626117255216321,
      0.06137721672391471,
      0.052772713150494754,
      0.06441691448518004,
      0.05513242811370545,
      0.06739199612385187,
      0.06149991021778148,
      0.06058060938002876,
      0.057708646675261356,
      0.056382459207461814,
      0.057665108275623655,
      0.05479058759788481,
      0.06010544485120007,
      0.05886100915630754,
      0.05335569455980872,
      0.05743220961616876,
      0.05303705815070619,
      0.05712585952610542
    ],
    "train_acc": [
      38.744,
      55.862,
      65.532,
      71.48,
      75.142,
      78.09,
      80.636,
      82.412,
      83.974,
      85.6,
      86.668,
      87.62,
      88.672,
      89.682,
      90.332,
      90.926,
      91.454,
      92.084,
      92.626,
      93.338,
      93.488,
      94.164,
      94.336,
      94.752,
      94.586,
      95.22,
      95.466,
      95.508,
      95.974,
      96.122,
      96.05,
      96.334,
      96.386,
      96.606,
      96.688,
      96.77,
      96.948,
      96.786,
      97.068,
      97.02,
      97.13,
      97.082,
      97.266,
      97.31,
      97.432,
      97.442,
      97.532,
      97.488,
      97.632,
      97.66,
      97.734,
      97.746,
      97.516,
      97.79,
      97.792,
      97.86,
      97.664,
      97.722,
      97.93,
      97.938,
      97.954,
      98.092,
      97.932,
      97.948,
      98.094,
      97.974,
      98.082,
      98.072,
      98.244,
      97.978,
      98.218,
      98.25,
      98.078,
      98.05,
      98.092,
      98.148,
      98.13,
      98.296,
      98.232,
      98.126,
      98.308,
      98.37,
      98.246,
      98.346,
      98.434,
      98.184,
      98.496,
      98.14,
      98.232,
      98.34,
      98.476,
      98.37,
      98.352,
      98.514,
      98.398,
      98.284,
      98.488,
      98.382,
      98.492,
      98.376
    ],
    "test_loss": [
      1.3886554185778668,
      1.0708266286513743,
      0.9208479622044624,
      0.8404955274592607,
      0.8298968475025433,
      0.7969013806910087,
      0.7206442686609733,
      0.7019084994322978,
      0.6844566598152503,
      0.662657686150991,
      0.6950686221990066,
      0.6957745159474703,
      0.6833465001426446,
      0.707186597518814,
      0.7342951660975814,
      0.7532650658335441,
      0.7656412798290452,
      0.7430428168378197,
      0.7752680611342956,
      0.844788078409739,
      0.8363145329595472,
      0.8649646797193549,
      0.817562580992205,
      0.8955278802925769,
      0.8875252360430284,
      0.8307656635984014,
      0.8782074092648541,
      0.9391159178593602,
      0.940992913620833,
      0.9743926865645708,
      0.9275167017267683,
      0.9796338801224453,
      0.9972283981131533,
      1.0185036828192189,
      0.990523540113384,
      1.0036367947408833,
      1.0171632466073601,
      0.9744719070060035,
      1.0321294898286653,
      0.9822132159084177,
      0.9693244585471873,
      1.0064224843413403,
      1.0143746367584054,
      1.052826073450538,
      1.0319384537720815,
      1.0958191935713284,
      1.0974203386457446,
      0.9573784629599407,
      0.9822458145984759,
      1.0805174676367106,
      1.0913470453128984,
      1.0699451461864204,
      1.0502942324323483,
      1.0156646122773871,
      1.1626873852995534,
      1.1212990902817974,
      1.0867720562964678,
      1.069381208732151,
      1.1497137646954985,
      1.1047132689601336,
      1.119554591197998,
      1.0801935006374828,
      1.067828173074537,
      1.1664382782884133,
      1.1053541850250883,
      1.0296041430690541,
      1.0580208358080245,
      1.0819557079170734,
      1.0900321238486168,
      1.131020650951168,
      1.1026087193630445,
      1.1141053225355557,
      1.1445794090485344,
      1.0806388578688104,
      1.0868850133250443,
      1.0488772423496135,
      1.0753486651497393,
      1.0929671779501802,
      1.0769350393436468,
      1.0764379921512535,
      1.1242235856703842,
      1.1117243415367108,
      1.1301313226039593,
      1.109744854295292,
      1.0754691592405716,
      1.1034393745940179,
      1.1050117407113504,
      1.0743274069809092,
      1.0686790944459155,
      1.0917246315974551,
      1.193573693297087,
      1.1230883324482979,
      1.0676387858827814,
      1.1223982380440412,
      1.051169926670786,
      1.0719254496746147,
      1.1551458150243912,
      1.1280701267413604,
      1.1386075302218206,
      1.113987233549452
    ],