{
  "config": {
    "run_name": "exp1_2",
    "out_dir": "./final_results",
    "seed": 1077401429,
    "device": null,
    "bs_train": 128,
    "bs_test": 32,
    "batches": 100,
    "epochs": 100,
    "early_stopping": 20,
    "checkpoints": null,
    "lr": 0.001,
    "reg": 1e-05,
    "filters_per_layer": [
      64
    ],
    "pool_every": 3,
    "hidden_dims": [
      1024
    ],
    "model_type": "cnn",
    "conv_params": {
      "kernel_size": 3,
      "stride": 1,
      "padding": 1,
      "bias": false
    },
    "activation_type": "lrelu",
    "activation_params": {
      "negative_slope": 0.1
    },
    "pooling_type": "max",
    "pooling_params": {
      "kernel_size": 2
    },
    "dropout": 0.1,
    "batchnorm": true,
    "bottleneck": false,
    "print_every": 5,
    "kw": {},
    "layers_per_block": 4
  },
  "results": {
    "num_epochs": 43,
    "train_loss": [
      1.4232184193073174,
      0.8537818023027518,
      0.5830159911742577,
      0.3920245825098111,
      0.28167430471915467,
      0.1969425084690253,
      0.13034961587534502,
      0.09684291549791128,
      0.0780440577496894,
      0.0766462361941544,
      0.0792182862937737,
      0.07015067832305645,
      0.07025423583646233,
      0.07145252264021203,
      0.06523384743561156,
      0.06148434620028218,
      0.06426772419960262,
      0.05790380543718735,
      0.06273403173157324,
      0.05041341748393069,
      0.057487927764081036,
      0.0508035971938322,
      0.04354086778580378,
      0.05337208380224183,
      0.04506767023002538,
      0.054002334606141233,
      0.04677145562839145,
      0.05240670442133426,
      0.051589348068078744,
      0.045269972374006054,
      0.04057829312962265,
      0.04295477152067738,
      0.04549786676413929,
      0.041333688382889165,
      0.04869937538348425,
      0.0376068206393542,
      0.051773029340144536,
      0.03690162604064263,
      0.04338052345813664,
      0.03551570994597382,
      0.03655125844569949,
      0.03649471990685038,
      0.04409575917778943
    ],
    "train_acc": [
      51.366,
      73.464,
      84.49,
      92.58,
      96.114,
      98.114,
      99.088,
      99.522,
      99.666,
      99.696,
      99.702,
      99.716,
      99.726,
      99.738,
      99.73,
      99.748,
      99.76,
      99.782,
      99.758,
      99.804,
      99.786,
      99.798,
      99.816,
      99.8,
      99.81,
      99.78,
      99.812,
      99.784,
      99.8,
      99.792,
      99.8,
      99.822,
      99.812,
      99.814,
      99.788,
      99.824,
      99.814,
      99.826,
      99.812,
      99.822,
      99.824,
      99.814,
      99.818
    ],
    "test_loss": [
      1.0469342349813535,
      0.8153534436073059,
      0.9191150639970334,
      1.1136478036642075,
      1.3329923298114386,
      1.3405239913517084,
      1.569870718014546,
      1.7436224000576215,
      1.7237515644385264,
      1.674453854178771,
      1.7600927448425538,
      1.781599915562532,
      1.7949502325783937,
      1.8943736652533214,
      1.8513803279552705,
      1.775847024546984,
      1.6746366452425718,
      1.841091505323465,
      1.8835733098765979,
      1.997073328265777,
      1.905272405881148,
      1.8514603419372668,
      1.9423746412667708,
      1.866002903964657,
      2.0098402679253082,
      1.9075083858214128,
      2.109305553472577,
      2.016157766493658,
      2.1042277391593998,
      2.106961906815951,
      2.0052904528685107,
      2.120739122088521,
      2.0287015044536347,
      2.1543175973571262,
      1.9963647965819409,
      2.3678411150781007,
      2.093132770835207,
      1.9608318477104871,
      2.0612358548320255,
      2.3149031618466744,
      2.16410540502805,
      2.1033775861828756,
      2.0938432014141326
    ],
    "test_acc": [
      63.65,
      72.48,
      71.45,
      70.78,
      70.61,
      71.89,
      72.07,
      70.66,
      72.05,
      73.05,
      72.86,
      73.52,
      73.02,
      72.26,
      73.35,
      73.15,
      73.29,
      72.48,
      72.4,
      72.43,
      73.13,
      73.15,
      74.26,
      74.13,
      73.4,
      73.05,
      73.02,
      72.28,
      72.98,
      73.27,
      73.58,
      73.19,
      73.4,
      73.73,
      73.7,
      71.14,
      73.34,
      73.55,
      73.32,
      72.66,
      72.84,
      73.35,
      73.85
    ]
  }
}