{
  "config": {
    "run_name": "exp1_2",
    "out_dir": "./final_results",
    "seed": 1669524937,
    "device": null,
    "bs_train": 128,
    "bs_test": 32,
    "batches": 100,
    "epochs": 100,
    "early_stopping": 20,
    "checkpoints": null,
    "lr": 0.001,
    "reg": 1e-05,
    "filters_per_layer": [
      32
    ],
    "pool_every": 3,
    "hidden_dims": [
      1024
    ],
    "model_type": "cnn",
    "conv_params": {
      "kernel_size": 3,
      "stride": 1,
      "padding": 1,
      "bias": false
    },
    "activation_type": "lrelu",
    "activation_params": {
      "negative_slope": 0.1
    },
    "pooling_type": "max",
    "pooling_params": {
      "kernel_size": 2
    },
    "dropout": 0.1,
    "batchnorm": true,
    "bottleneck": false,
    "print_every": 5,
    "kw": {},
    "layers_per_block": 2
  },
  "results": {
    "num_epochs": 34,
    "train_loss": [
      1.4544883451400659,
      1.0303074963581869,
      0.7693160207607808,
      0.5259140354700578,
      0.36180796573559443,
      0.2578928011732224,
      0.1741238440363071,
      0.13339096194085404,
      0.10629451420062627,
      0.0981008531477971,
      0.08935295761061403,
      0.08076882386245789,
      0.08065392005328949,
      0.07355429832942975,
      0.07263540983773195,
      0.08261796498957735,
      0.06882904288955988,
      0.06029734796939943,
      0.05665670418395446,
      0.06887175268015991,
      0.0675695353342841,
      0.0617153173372245,
      0.05220374078071939,
      0.048319269352568646,
      0.054031658922441494,
      0.05655156658269847,
      0.05892311905104763,
      0.05151982077707847,
      0.03958145627656426,
      0.04952308227343915,
      0.05251228442140974,
      0.05774543719151272,
      0.04572600254860635,
      0.038183714307319275
    ],
    "train_acc": [
      51.002,
      67.122,
      77.788,
      88.078,
      94.254,
      96.8,
      98.542,
      99.086,
      99.464,
      99.542,
      99.64,
      99.7,
      99.7,
      99.696,
      99.748,
      99.69,
      99.738,
      99.788,
      99.784,
      99.78,
      99.764,
      99.772,
      99.798,
      99.808,
      99.804,
      99.784,
      99.794,
      99.792,
      99.812,
      99.806,
      99.79,
      99.788,
      99.8,
      99.822
    ],
    "test_loss": [
      1.1986474354679768,
      1.0633556825610309,
      1.1022497600851915,
      1.3497052112450967,
      1.4956707408030827,
      1.6792717963839188,
      1.8787085162714505,
      2.0997571914623947,
      2.0250128918351273,
      1.9889993426891475,
      2.0711906388019905,
      2.184080100976504,
      2.19742958400494,
      2.2049446274072695,
      2.2271894075167484,
      2.2723600319706097,
      2.3144432502106214,
      2.3978166757867885,
      2.4374011357625327,
      2.484924435137938,
      2.3573011433084807,
      2.455485270000421,
      2.703321821987629,
      2.5314435255833163,
      2.6320360343043623,
      2.6772803677580295,
      2.5868197241081643,
      2.6085643405333543,
      2.8067541632514734,
      2.6993308695845113,
      2.744532229999701,
      2.7215238293776145,
      2.7182954118037834,
      2.573688006362854
    ],
    "test_acc": [
      57.57,
      62.89,
      63.54,
      62.12,
      63.31,
      61.65,
      61.17,
      61.06,
      63.49,
      62.87,
      62.51,
      63.29,
      63.36,
      64.23,
      63.41,
      62.65,
      62.38,
      62.36,
      63.16,
      62.09,
      63.64,
      62.99,
      62.58,
      63.14,
      61.9,
      63.51,
      61.37,
      63.66,
      63.34,
      63.75,
      62.44,
      63.27,
      63.51,
      64.0
    ]
  }
}