{
  "config": {
    "run_name": "exp1_4",
    "out_dir": "./final_results",
    "seed": 27308724,
    "device": null,
    "bs_train": 128,
    "bs_test": 32,
    "batches": 100,
    "epochs": 100,
    "early_stopping": 20,
    "checkpoints": null,
    "lr": 0.001,
    "reg": 1e-05,
    "filters_per_layer": [
      32
    ],
    "pool_every": 8,
    "hidden_dims": [
      1024
    ],
    "model_type": "resnet",
    "conv_params": {
      "kernel_size": 3,
      "stride": 1,
      "padding": 1,
      "bias": false
    },
    "activation_type": "lrelu",
    "activation_params": {
      "negative_slope": 0.1
    },
    "pooling_type": "max",
    "pooling_params": {
      "kernel_size": 2
    },
    "dropout": 0.1,
    "batchnorm": true,
    "bottleneck": false,
    "print_every": 5,
    "kw": {},
    "layers_per_block": 16
  },
  "results": {
    "num_epochs": 69,
    "train_loss": [
      1.6608572409703182,
      1.14991030112291,
      0.9256438145270715,
      0.7904656211535136,
      0.6761480504121535,
      0.5810693873044772,
      0.4857555457414725,
      0.41542665583965105,
      0.35041219278787955,
      0.3014217050411762,
      0.24782786275713872,
      0.21450287082638497,
      0.18584005781091176,
      0.17015684558412966,
      0.15732350395275996,
      0.14202790587949446,
      0.13679481948224398,
      0.13142311102591264,
      0.12380336918987525,
      0.106590748210557,
      0.10019373988780456,
      0.0752543662292644,
      0.07228990577829954,
      0.0713305733859157,
      0.07028740820689844,
      0.07117796062420194,
      0.06309538175805639,
      0.05848656777913372,
      0.06461569880827879,
      0.0593999901929727,
      0.05655869274901656,
      0.05966338115768173,
      0.05473489559804782,
      0.05730868810907197,
      0.05183727098390078,
      0.052949276405314986,
      0.051351386172553665,
      0.047941803929801935,
      0.04631602446524761,
      0.05010140710749114,
      0.04945125309869838,
      0.04338076600613885,
      0.04034646900657278,
      0.04299951573798003,
      0.03982953379312769,
      0.04305969436312668,
      0.04173395114753825,
      0.04365864731311703,
      0.03982126512654269,
      0.03709854043972416,
      0.039035129429211314,
      0.03994469576461527,
      0.04262233676451545,
      0.03908295943849505,
      0.033035759148426734,
      0.036025492606971125,
      0.036737090973064115,
      0.0328644445604788,
      0.03419521408430181,
      0.032554435942214556,
      0.035493848863720465,
      0.04114574875103501,
      0.02878173526454096,
      0.027975205399949726,
      0.0366382683836258,
      0.03082891435135538,
      0.03397207345503072,
      0.03226265449103756,
      0.03295378384974379
    ],
    "train_acc": [
      41.344,
      60.37,
      68.992,
      74.064,
      78.344,
      81.822,
      85.412,
      87.982,
      90.038,
      91.772,
      93.42,
      94.558,
      95.41,
      96.0,
      96.208,
      96.554,
      96.872,
      97.024,
      97.108,
      97.63,
      97.832,
      98.286,
      98.188,
      98.462,
      98.264,
      98.34,
      98.494,
      98.56,
      98.556,
      98.668,
      98.732,
      98.694,
      98.828,
      98.754,
      98.776,
      98.746,
      98.856,
      98.906,
      98.988,
      98.844,
      98.966,
      98.998,
      99.07,
      99.078,
      99.046,
      99.076,
      99.076,
      98.984,
      99.046,
      99.16,
      99.1,
      99.112,
      99.092,
      99.072,
      99.174,
      99.168,
      99.076,
      99.196,
      99.154,
      99.254,
      99.234,
      99.126,
      99.268,
      99.25,
      99.22,
      99.238,
      99.23,
      99.24,
      99.262
    ],
    "test_loss": [
      1.2421054736926005,
      1.0015051670563526,
      0.8859935050400404,
      0.860971056498014,
      0.9239974447931999,
      0.9607737212417982,
      1.0028228785556097,
      1.0829719293576021,
      1.120518365731606,
      1.1556161268590353,
      1.2246171601403217,
      1.2870178260864356,
      1.3750409020636327,
      1.5927686265741403,
      1.565731156617403,
      1.6116665294155097,
      1.622510997626262,
      1.8372247086312525,
      1.7672834229201844,
      1.8132750655596073,
      1.7875092449860694,
      1.7774242851883173,
      1.70687161739438,
      1.948546258589396,
      1.867239177513581,
      1.8711834773421288,
      2.0144735739017143,
      1.9530596943237843,
      1.9295120084992585,
      1.9735154288414962,
      1.9495797684081855,
      1.9430183415802627,
      1.998348156754405,
      2.048364340685881,
      1.939959557679219,
      1.9297485171984403,
      2.01652368506751,
      2.00795509143231,
      2.1352760361937375,
      2.0562077368108125,
      1.921620015341502,
      2.181446131796409,
      2.1753278098379574,
      2.0655479092055407,
      2.1380697646393227,
      2.2057335189997387,
      2.1927369782366815,
      2.240431769918173,
      1.9989891805423377,
      2.121082167690381,
      2.224953922037131,
      2.1607829939860563,
      2.1404225329558053,
      2.165491613631065,
      2.224949498398182,
      2.179193443690355,
      2.259663545932525,
      2.1208658821355457,
      2.225862534477925,
      2.2411024940606112,
      2.386830808929144,
      2.1294100931248603,
      2.1248074935223813,
      2.1768129605513353,
      2.0427968699771624,
      2.173320189213906,
      2.165548477703944,
      2.1095233615965414,
      2.04058827397724
    ],
    "test_acc": [
      55.1,
      64.49,
      68.87,
      70.55,
      70.45,
      71.04,
      71.2,
      70.58,
      71.34,
      71.84,
      72.21,
      71.98,
      71.85,
      70.35,
      71.72,
      71.4,
      71.96,
      70.63,
      69.98,
      70.16,
      70.39,
      72.59,
      73.01,
      71.09,
      72.44,
      71.92,
      71.35,
      72.35,
      72.59,
      72.4,
      72.15,
      72.58,
      72.75,
      71.55,
      73.28,
      72.9,
      73.39,
      73.35,
      72.57,
      72.7,
      73.3,
      71.74,
      71.98,
      73.1,
      72.73,
      72.46,
      72.19,
      72.93,
      73.82,
      73.08,
      72.78,
      73.02,
      72.94,
      72.54,
      72.77,
      73.36,
      71.56,
      73.32,
      73.18,
      73.42,
      72.36,
      73.37,
      73.35,
      73.31,
      73.58,
      72.95,
      72.9,
      73.17,
      73.61
    ]
  }
}