{
  "config": {
    "run_name": "exp1_2",
    "out_dir": "./final_results",
    "seed": 1171285622,
    "device": null,
    "bs_train": 128,
    "bs_test": 32,
    "batches": 100,
    "epochs": 100,
    "early_stopping": 20,
    "checkpoints": null,
    "lr": 0.001,
    "reg": 1e-05,
    "filters_per_layer": [
      128
    ],
    "pool_every": 3,
    "hidden_dims": [
      1024
    ],
    "model_type": "cnn",
    "conv_params": {
      "kernel_size": 3,
      "stride": 1,
      "padding": 1,
      "bias": false
    },
    "activation_type": "lrelu",
    "activation_params": {
      "negative_slope": 0.1
    },
    "pooling_type": "max",
    "pooling_params": {
      "kernel_size": 2
    },
    "dropout": 0.1,
    "batchnorm": true,
    "bottleneck": false,
    "print_every": 5,
    "kw": {},
    "layers_per_block": 2
  },
  "results": {
    "num_epochs": 23,
    "train_loss": [
      1.852096546918918,
      1.14047707594358,
      0.8802495019558149,
      0.6444591967723309,
      0.46173275663302493,
      0.35420108231214376,
      0.2569253641634415,
      0.19927713956015233,
      0.1561171908504688,
      0.12801197869464373,
      0.10502374764913931,
      0.10987774930798855,
      0.09935323252605321,
      0.0945527639813148,
      0.10308873693530377,
      0.09586334308513846,
      0.09302092069664444,
      0.08469020773250706,
      0.0770997335238812,
      0.08244372143959387,
      0.08123812422824976,
      0.08078361651024375,
      0.0779708365479914
    ],
    "train_acc": [
      43.918,
      62.17,
      72.844,
      83.072,
      90.846,
      94.538,
      96.92,
      98.0,
      98.752,
      99.192,
      99.436,
      99.474,
      99.586,
      99.6,
      99.588,
      99.602,
      99.618,
      99.644,
      99.718,
      99.706,
      99.708,
      99.72,
      99.712
    ],
    "test_loss": [
      1.316407784819603,
      1.0820866960745592,
      1.0252823008176608,
      1.1530552524595687,
      1.3589385929398048,
      1.7191575830563521,
      1.9203861136084948,
      1.9531034930394247,
      2.1621136949994626,
      2.256370169421037,
      2.205771059370958,
      2.307195194447652,
      2.611496738707408,
      2.467850238084793,
      2.787818393837183,
      2.693627825150123,
      2.8653272057955084,
      2.953145696948736,
      3.0227168255891557,
      3.3435383735176845,
      3.1178959015852366,
      3.207425928841799,
      2.9966492165739718
    ],
    "test_acc": [
      53.29,
      62.35,
      65.28,
      64.38,
      63.79,
      61.59,
      61.31,
      63.12,
      61.0,
      63.61,
      63.69,
      63.88,
      62.69,
      63.11,
      60.7,
      63.06,
      63.39,
      62.8,
      62.04,
      61.79,
      63.0,
      62.66,
      64.05
    ]
  }
}